task,input_id,field,human_value,model_value,status,human_evidence,model_evidence,human_justification,model_justification
individual,T0001,perceived_profile.risk.label,cautious,cautious,match,"{""counterevidence"":[""S018-C02"",""S029-C03""],""supporting"":[""S020-C01"",""S026-C01"",""S035-C02""]}","{""counterevidence"":[""S018-C02"",""S029-C03""],""supporting"":[""S001-C01"",""S026-C01"",""S035-C02""]}","Avoidable danger is repeatedly sidestepped through cover, waiting, evasion, and bypassing nearby conflict. This cautious tendency is substantial but not uniform, because the trajectory also chooses a direct charge through Doomwolves and prepares to fight suspicious soldiers.","The player repeatedly chooses paths that minimize exposure to danger or utilize skills to avoid conflict. Evidence includes using Sixth Sense to avoid tracked paths (S001-C01), hiding from a Kraan (S003-C01), choosing the safer path after tracking reveals a bear (S005-C01), hiding from Doomwolves (S026-C01), and evading a fight with a madman (S035-C02). Counterevidence exists in the decision to charge Doomwolves (S018-C02) and fight bandits (S029-C03), but these are often reactive or forced by circumstance, whereas the avoidance patterns are consistent proactive choices."
individual,T0001,perceived_profile.risk.support,mixed,clear,disagreement,"{""counterevidence"":[""S018-C02"",""S029-C03""],""supporting"":[""S020-C01"",""S026-C01"",""S035-C02""]}","{""counterevidence"":[""S018-C02"",""S029-C03""],""supporting"":[""S001-C01"",""S026-C01"",""S035-C02""]}","Avoidable danger is repeatedly sidestepped through cover, waiting, evasion, and bypassing nearby conflict. This cautious tendency is substantial but not uniform, because the trajectory also chooses a direct charge through Doomwolves and prepares to fight suspicious soldiers.","The player repeatedly chooses paths that minimize exposure to danger or utilize skills to avoid conflict. Evidence includes using Sixth Sense to avoid tracked paths (S001-C01), hiding from a Kraan (S003-C01), choosing the safer path after tracking reveals a bear (S005-C01), hiding from Doomwolves (S026-C01), and evading a fight with a madman (S035-C02). Counterevidence exists in the decision to charge Doomwolves (S018-C02) and fight bandits (S029-C03), but these are often reactive or forced by circumstance, whereas the avoidance patterns are consistent proactive choices."
individual,T0001,perceived_profile.morality.label,unclear,noble,human_abstention,"{""counterevidence"":[""S010-C02""],""supporting"":[""S011-C01""]}","{""counterevidence"":[""S010-C02"",""S030-C01""],""supporting"":[""S006-C01"",""S011-C01""]}","The clearest moral evidence is confined to the wagon episode: the player first runs for personal cover, then returns to defend the children. The reversal leaves too little repeated evidence elsewhere to support a stable moral orientation.","The player shows a tendency to help others, such as approaching refugees to reassure them (S006-C01) and returning to defend children after initially fleeing (S011-C01). However, this is contradicted by the initial choice to flee from the children in danger (S010-C02) and the decision to kill three bandits rather than surrender or evade (S030-C01), which prioritizes self-preservation and resource gain (looting bodies) over mercy or non-violence. The profile is mixed because the noble acts are significant but not exclusive."
individual,T0001,perceived_profile.morality.support,insufficient,mixed,human_abstention,"{""counterevidence"":[""S010-C02""],""supporting"":[""S011-C01""]}","{""counterevidence"":[""S010-C02"",""S030-C01""],""supporting"":[""S006-C01"",""S011-C01""]}","The clearest moral evidence is confined to the wagon episode: the player first runs for personal cover, then returns to defend the children. The reversal leaves too little repeated evidence elsewhere to support a stable moral orientation.","The player shows a tendency to help others, such as approaching refugees to reassure them (S006-C01) and returning to defend children after initially fleeing (S011-C01). However, this is contradicted by the initial choice to flee from the children in danger (S010-C02) and the decision to kill three bandits rather than surrender or evade (S030-C01), which prioritizes self-preservation and resource gain (looting bodies) over mercy or non-violence. The profile is mixed because the noble acts are significant but not exclusive."
individual,T0001,perceived_profile.action.label,tactical,tactical,match,"{""counterevidence"":[""S018-C02"",""S029-C03""],""supporting"":[""S020-C01"",""S026-C01"",""S035-C02""]}","{""counterevidence"":[""S029-C03"",""S018-C02""],""supporting"":[""S001-C01"",""S016-C01"",""S026-C01""]}","The trajectory often favors cover, waiting, avoidance, and disengagement rather than direct confrontation. Several direct-risk choices recur, however, so the tactical orientation is noticeable without being fully consistent.","The player consistently prefers observation, concealment, and strategic movement over direct confrontation. Key evidence includes using Sixth Sense (S001-C01), Tracking (S004-C01), Camouflage (S016-C01), hiding from enemies (S003-C01, S026-C01), and evading fights (S035-C02). Even when combat occurs, it is often a result of being forced into it or a calculated risk (charging to break through), but the dominant pattern is tactical avoidance and preparation."
individual,T0001,perceived_profile.action.support,mixed,clear,disagreement,"{""counterevidence"":[""S018-C02"",""S029-C03""],""supporting"":[""S020-C01"",""S026-C01"",""S035-C02""]}","{""counterevidence"":[""S029-C03"",""S018-C02""],""supporting"":[""S001-C01"",""S016-C01"",""S026-C01""]}","The trajectory often favors cover, waiting, avoidance, and disengagement rather than direct confrontation. Several direct-risk choices recur, however, so the tactical orientation is noticeable without being fully consistent.","The player consistently prefers observation, concealment, and strategic movement over direct confrontation. Key evidence includes using Sixth Sense (S001-C01), Tracking (S004-C01), Camouflage (S016-C01), hiding from enemies (S003-C01, S026-C01), and evading fights (S035-C02). Even when combat occurs, it is often a result of being forced into it or a calculated risk (charging to break through), but the dominant pattern is tactical avoidance and preparation."
individual,T0001,causal_continuity.label,continuous,continuous,match,[],[],"No unsupported dependency or explicit contradiction was found. Changes of course, including fleeing the wagon and then returning when the children are seen under direct attack, are motivated by information introduced in the intervening scene.","The narrative flow is logical. Transitions follow the player's choices and the game's mechanical rules (e.g., Kai disciplines, combat outcomes). There are no explicit contradictions or unsupported dependencies. For example, the transition from S010 to S011 (fleeing then returning) is a valid player choice sequence. The transition from S037 to S038 is a random resolution, which is a valid game mechanic, not a causal gap."
individual,T0001,profile_coherence.label,mixed,coherent,disagreement,"{""counterevidence"":[""S018-C02"",""S029-C03""],""supporting"":[""S020-C01"",""S026-C01"",""S035-C02""]}","{""counterevidence"":[""S010-C02"",""S029-C03""],""supporting"":[""S001-C01"",""S016-C01"",""S011-C01""]}","A cautious, tactical tendency is readable across many choices, but direct confrontation recurs and the wagon sequence reverses the moral direction immediately.","The decisions form a stable profile of a cautious, tactical player who is generally noble but pragmatic. The few instances of direct action (fighting bandits, charging wolves) do not contradict the overall pattern of seeking safety and using skills to avoid danger; rather, they represent necessary actions when avoidance is no longer viable or when the player chooses to take a calculated risk. The moral ambiguity (fleeing then returning) is a common narrative arc for a hero, maintaining coherence."
individual,T0004,perceived_profile.risk.label,cautious,cautious,match,"{""counterevidence"":[""S010-C01"",""S026-C01""],""supporting"":[""S004-C04"",""S008-C02"",""S024-C02""]}","{""counterevidence"":[""S021-C02""],""supporting"":[""S004-C04"",""S016-C02"",""S027-C02""]}","The player repeatedly avoids exposed routes, hazardous terrain, combat, uncertain encounters, and immediate threats, often choosing cover or retreat. A few exploratory or danger-seeking choices occur, but they are exceptions to the dominant pattern.","The player repeatedly chooses paths that minimize exposure to danger or allow for escape. Evidence includes avoiding the battle at Raumas to preserve the mission (S004-C04), avoiding the Sleeptooth briars by returning to the track (S008-C02), leaving the gem to run from approaching Giaks (S016-C02), avoiding the unknown tunnel initially (S020-C02), and fleeing the battle at the bridge where the Prince is fighting (S027-C02). Counterevidence is limited to entering the tunnel only after being forced by an aerial threat (S021-C02), which is still a defensive maneuver."
individual,T0004,perceived_profile.risk.support,clear,clear,match,"{""counterevidence"":[""S010-C01"",""S026-C01""],""supporting"":[""S004-C04"",""S008-C02"",""S024-C02""]}","{""counterevidence"":[""S021-C02""],""supporting"":[""S004-C04"",""S016-C02"",""S027-C02""]}","The player repeatedly avoids exposed routes, hazardous terrain, combat, uncertain encounters, and immediate threats, often choosing cover or retreat. A few exploratory or danger-seeking choices occur, but they are exceptions to the dominant pattern.","The player repeatedly chooses paths that minimize exposure to danger or allow for escape. Evidence includes avoiding the battle at Raumas to preserve the mission (S004-C04), avoiding the Sleeptooth briars by returning to the track (S008-C02), leaving the gem to run from approaching Giaks (S016-C02), avoiding the unknown tunnel initially (S020-C02), and fleeing the battle at the bridge where the Prince is fighting (S027-C02). Counterevidence is limited to entering the tunnel only after being forced by an aerial threat (S021-C02), which is still a defensive maneuver."
individual,T0004,perceived_profile.morality.label,selfish,selfish,match,"{""counterevidence"":[],""supporting"":[""S004-C04"",""S027-C02""]}","{""counterevidence"":[""S010-C01""],""supporting"":[""S004-C04"",""S027-C02""]}","When another person's danger is explicit, the trajectory twice prioritizes personal survival or the mission: it abandons the threatened wizard and later runs rather than defend the fallen Prince. No comparably clear prosocial player choice offsets these decisions.","The player explicitly prioritizes their mission and personal survival over helping others in distress. They abandon a wizard under attack (S004-C04) and flee a wounded Prince (S027-C02). However, they also investigate a potentially dangerous hut area after detecting tracks (S010-C01), which could imply a desire to understand the situation or help, though the outcome was merely looting. The repeated abandonment of allies suggests a selfish orientation, but the lack of active malice keeps it from being purely malicious."
individual,T0004,perceived_profile.morality.support,clear,mixed,disagreement,"{""counterevidence"":[],""supporting"":[""S004-C04"",""S027-C02""]}","{""counterevidence"":[""S010-C01""],""supporting"":[""S004-C04"",""S027-C02""]}","When another person's danger is explicit, the trajectory twice prioritizes personal survival or the mission: it abandons the threatened wizard and later runs rather than defend the fallen Prince. No comparably clear prosocial player choice offsets these decisions.","The player explicitly prioritizes their mission and personal survival over helping others in distress. They abandon a wizard under attack (S004-C04) and flee a wounded Prince (S027-C02). However, they also investigate a potentially dangerous hut area after detecting tracks (S010-C01), which could imply a desire to understand the situation or help, though the outcome was merely looting. The repeated abandonment of allies suggests a selfish orientation, but the lack of active malice keeps it from being purely malicious."
individual,T0004,perceived_profile.action.label,tactical,tactical,match,"{""counterevidence"":[""S026-C01""],""supporting"":[""S006-C02"",""S021-C02"",""S024-C02""]}","{""counterevidence"":[],""supporting"":[""S001-C01"",""S004-C04"",""S027-C02""]}","Avoidance, cover, retreat, route selection, and disengagement dominate the player's voluntary actions. Direct physical confrontation is generally not chosen when a strategic alternative is available.","The player consistently prefers observation, stealth, and avoidance over direct confrontation. They use Sixth Sense to scout (S001-C01), hide from Kraans (S003), avoid the battle at Raumas (S004-C04), sneak through the forest to avoid Giaks (S006-C02), approach the huts stealthily (S009-C01), and flee the bridge battle (S027-C02). Even when combat is forced (Vordak, Burrowcrawler), the player's prior choices were aimed at avoiding such encounters."
individual,T0004,perceived_profile.action.support,clear,clear,match,"{""counterevidence"":[""S026-C01""],""supporting"":[""S006-C02"",""S021-C02"",""S024-C02""]}","{""counterevidence"":[],""supporting"":[""S001-C01"",""S004-C04"",""S027-C02""]}","Avoidance, cover, retreat, route selection, and disengagement dominate the player's voluntary actions. Direct physical confrontation is generally not chosen when a strategic alternative is available.","The player consistently prefers observation, stealth, and avoidance over direct confrontation. They use Sixth Sense to scout (S001-C01), hide from Kraans (S003), avoid the battle at Raumas (S004-C04), sneak through the forest to avoid Giaks (S006-C02), approach the huts stealthily (S009-C01), and flee the bridge battle (S027-C02). Even when combat is forced (Vordak, Burrowcrawler), the player's prior choices were aimed at avoiding such encounters."
individual,T0004,causal_continuity.label,continuous,continuous,match,[],[],The trajectory proceeds through explicit consequences and motivated route changes. No required fact appears without prior support and no contradiction breaks the sequence.,"The narrative flow is logical. The player's decisions lead directly to the described outcomes. For example, fleeing the battle leads to being spotted by Giaks (S005), which leads to a chase (S006). Entering the tunnel leads to the Burrowcrawler encounter (S022). There are no apparent contradictions or unsupported jumps in logic."
individual,T0004,profile_coherence.label,coherent,coherent,match,"{""counterevidence"":[""S010-C01"",""S026-C01""],""supporting"":[""S004-C04"",""S021-C02"",""S027-C02""]}","{""counterevidence"":[],""supporting"":[""S004-C04"",""S027-C02"",""S001-C01""]}","The choices form a stable self-preserving, tactical pattern, with only a small number of exploratory or danger-accepting exceptions.","The player maintains a consistent profile of a cautious, tactical individual who prioritizes their mission and survival over altruism. The decision to flee the Prince (S027-C02) aligns with the earlier decision to abandon the wizard (S004-C04). The preference for stealth and avoidance is consistent throughout the trajectory."
individual,T0009,perceived_profile.risk.label,reckless,neutral,disagreement,"{""counterevidence"":[""S013-C02"",""S019-C01""],""supporting"":[""S009-C01"",""S017-C02"",""S025-C02""]}","{""counterevidence"":[""S019-C01"",""S005-C01""],""supporting"":[""S003-C01"",""S017-C02"",""S038-C02""]}","The player repeatedly accepts avoidable danger by helping under aerial attack, fighting the Giaks, charging through Doomwolves, remaining exposed on the highway, and later choosing another fight. Tactical retreats also recur, so the risk orientation is strong but not uniform.","The player exhibits a mix of caution and recklessness. Cautious behaviors include hiding from the Kraan (S003), avoiding the bear path (S005), and veering off the highway to escape a diving Kraan (S019). Reckless behaviors include charging head-on into Doomwolves (S017-S018) and attempting a dangerous roof jump (S038). Neither pole dominates exclusively."
individual,T0009,perceived_profile.risk.support,mixed,mixed,match,"{""counterevidence"":[""S013-C02"",""S019-C01""],""supporting"":[""S009-C01"",""S017-C02"",""S025-C02""]}","{""counterevidence"":[""S019-C01"",""S005-C01""],""supporting"":[""S003-C01"",""S017-C02"",""S038-C02""]}","The player repeatedly accepts avoidable danger by helping under aerial attack, fighting the Giaks, charging through Doomwolves, remaining exposed on the highway, and later choosing another fight. Tactical retreats also recur, so the risk orientation is strong but not uniform.","The player exhibits a mix of caution and recklessness. Cautious behaviors include hiding from the Kraan (S003), avoiding the bear path (S005), and veering off the highway to escape a diving Kraan (S019). Reckless behaviors include charging head-on into Doomwolves (S017-S018) and attempting a dangerous roof jump (S038). Neither pole dominates exclusively."
individual,T0009,perceived_profile.morality.label,noble,noble,match,"{""counterevidence"":[],""supporting"":[""S009-C01"",""S010-C01""]}","{""counterevidence"":[""S006-C02""],""supporting"":[""S009-C01"",""S010-C01"",""S033-C01""]}",The clearest moral sequence is strongly prosocial: the player chooses to help endangered children and then voluntarily stays to fight their attackers rather than flee to safety. Other choices provide little direct moral counterevidence.,"The player repeatedly prioritizes helping others or fulfilling a duty over personal safety or convenience. They choose to help children in a wagon under attack (S009) and fight the attackers (S010). They also choose to follow the officer to the citadel (S033) rather than going alone, showing trust in the chain of command, and ultimately accept the quest to save the land (S042). While they avoided a group of refugees earlier (S006), the active choice to engage in combat to save children is a strong moral indicator."
individual,T0009,perceived_profile.morality.support,clear,clear,match,"{""counterevidence"":[],""supporting"":[""S009-C01"",""S010-C01""]}","{""counterevidence"":[""S006-C02""],""supporting"":[""S009-C01"",""S010-C01"",""S033-C01""]}",The clearest moral sequence is strongly prosocial: the player chooses to help endangered children and then voluntarily stays to fight their attackers rather than flee to safety. Other choices provide little direct moral counterevidence.,"The player repeatedly prioritizes helping others or fulfilling a duty over personal safety or convenience. They choose to help children in a wagon under attack (S009) and fight the attackers (S010). They also choose to follow the officer to the citadel (S033) rather than going alone, showing trust in the chain of command, and ultimately accept the quest to save the land (S042). While they avoided a group of refugees earlier (S006), the active choice to engage in combat to save children is a strong moral indicator."
individual,T0009,perceived_profile.action.label,physical,physical,match,"{""counterevidence"":[""S013-C02"",""S019-C01""],""supporting"":[""S010-C01"",""S017-C02"",""S035-C01""]}","{""counterevidence"":[""S003-C01"",""S019-C01""],""supporting"":[""S010-C01"",""S017-C02"",""S035-C01""]}","Several voluntary choices favor direct force or confrontation, including fighting the Giaks, charging through attackers, and fighting the madman. The player also uses cover and bypasses some conflicts, so physical action does not dominate every situation.","The player consistently chooses direct confrontation and physical force. They fight Giaks (S010), charge Doomwolves (S017), fight bandits (S030), and fight a madman (S035). Even when tactical options like hiding or evading are available (e.g., S025, S035), the player often opts for the physical engagement or the most direct physical route (roof jumping)."
individual,T0009,perceived_profile.action.support,mixed,clear,disagreement,"{""counterevidence"":[""S013-C02"",""S019-C01""],""supporting"":[""S010-C01"",""S017-C02"",""S035-C01""]}","{""counterevidence"":[""S003-C01"",""S019-C01""],""supporting"":[""S010-C01"",""S017-C02"",""S035-C01""]}","Several voluntary choices favor direct force or confrontation, including fighting the Giaks, charging through attackers, and fighting the madman. The player also uses cover and bypasses some conflicts, so physical action does not dominate every situation.","The player consistently chooses direct confrontation and physical force. They fight Giaks (S010), charge Doomwolves (S017), fight bandits (S030), and fight a madman (S035). Even when tactical options like hiding or evading are available (e.g., S025, S035), the player often opts for the physical engagement or the most direct physical route (roof jumping)."
individual,T0009,causal_continuity.label,continuous,continuous,match,[],[],"The chosen branches and subsequent scenes connect without an unsupported dependency or explicit contradiction. Forced, random, and combat resolutions preserve the stated situation from one paragraph to the next.","The narrative flow is logical. Transitions follow the choices made. For example, choosing to help the children leads to the fight with Giaks. Choosing to charge the Doomwolves leads to the encounter with the Kraan. No contradictions or unsupported dependencies are found."
individual,T0009,profile_coherence.label,mixed,coherent,disagreement,"{""counterevidence"":[""S013-C02"",""S019-C01""],""supporting"":[""S010-C01"",""S017-C02"",""S035-C01""]}","{""counterevidence"":[""S006-C02"",""S019-C01""],""supporting"":[""S009-C01"",""S010-C01"",""S017-C02""]}","A risk-accepting and physically direct profile is visible, especially around combat, but repeated evasive choices and route avoidance create a meaningful competing tactical tendency.","The decisions form a stable profile of a brave, duty-bound warrior who prefers direct action. The mix of risk-taking (charging enemies) and caution (hiding from superior air threats) is consistent with a skilled combatant assessing immediate threats. The moral choices align with the 'noble' archetype of the Kai warrior."
individual,T0014,perceived_profile.risk.label,cautious,cautious,match,"{""counterevidence"":[""S022-C01"",""S028-C01""],""supporting"":[""S016-C02"",""S017-C02"",""S025-C02""]}","{""counterevidence"":[""S022-C01""],""supporting"":[""S002-C02"",""S017-C02"",""S025-C02""]}","The player commonly stays under cover, leaves compromised routes, avoids uncertain contacts, and presses on rather than investigate optional sites. This pattern is opposed by entering an explicitly dangerous tunnel and deliberately approaching the sound of battle.","The player repeatedly chooses paths that minimize exposure to danger or allow for evasion. Evidence includes cutting through foliage to avoid known enemy tracks (S002-C02), freezing and hiding when a monster passes overhead (S003), avoiding the source of wood smoke (S017-C02), and choosing to travel under cover of trees rather than joining a visible refugee column (S025-C02). The decision to enter a dark tunnel (S022-C01) is a minor counterpoint, but the overall pattern favors stealth and avoidance over confrontation or exposure."
individual,T0014,perceived_profile.risk.support,mixed,clear,disagreement,"{""counterevidence"":[""S022-C01"",""S028-C01""],""supporting"":[""S016-C02"",""S017-C02"",""S025-C02""]}","{""counterevidence"":[""S022-C01""],""supporting"":[""S002-C02"",""S017-C02"",""S025-C02""]}","The player commonly stays under cover, leaves compromised routes, avoids uncertain contacts, and presses on rather than investigate optional sites. This pattern is opposed by entering an explicitly dangerous tunnel and deliberately approaching the sound of battle.","The player repeatedly chooses paths that minimize exposure to danger or allow for evasion. Evidence includes cutting through foliage to avoid known enemy tracks (S002-C02), freezing and hiding when a monster passes overhead (S003), avoiding the source of wood smoke (S017-C02), and choosing to travel under cover of trees rather than joining a visible refugee column (S025-C02). The decision to enter a dark tunnel (S022-C01) is a minor counterpoint, but the overall pattern favors stealth and avoidance over confrontation or exposure."
individual,T0014,perceived_profile.morality.label,selfish,selfish,match,"{""counterevidence"":[""S004-C01""],""supporting"":[""S027-C02"",""S029-C02""]}","{""counterevidence"":[""S004-C01""],""supporting"":[""S027-C02"",""S029-C02""]}","The trajectory later abandons a wounded King's soldier and then runs from the fallen Prince, both clear choices of self-preservation over helping others. Earlier, however, it warns the endangered wizard, providing direct noble counterevidence.","The player demonstrates a tendency to prioritize personal safety and mission completion over the welfare of others. While the player initially helps a wizard by shouting a warning (S004-C01), later decisions show a clear preference for self-preservation. The player explicitly chooses to leave a wounded King's soldier to die (S027-C02) and runs away from a battle where the Prince is being attacked, leading to their own death (S029-C02). The help provided to the wizard was a low-risk warning, whereas the later refusals to help involved direct abandonment of individuals in need."
individual,T0014,perceived_profile.morality.support,mixed,mixed,match,"{""counterevidence"":[""S004-C01""],""supporting"":[""S027-C02"",""S029-C02""]}","{""counterevidence"":[""S004-C01""],""supporting"":[""S027-C02"",""S029-C02""]}","The trajectory later abandons a wounded King's soldier and then runs from the fallen Prince, both clear choices of self-preservation over helping others. Earlier, however, it warns the endangered wizard, providing direct noble counterevidence.","The player demonstrates a tendency to prioritize personal safety and mission completion over the welfare of others. While the player initially helps a wizard by shouting a warning (S004-C01), later decisions show a clear preference for self-preservation. The player explicitly chooses to leave a wounded King's soldier to die (S027-C02) and runs away from a battle where the Prince is being attacked, leading to their own death (S029-C02). The help provided to the wizard was a low-risk warning, whereas the later refusals to help involved direct abandonment of individuals in need."
individual,T0014,perceived_profile.action.label,tactical,tactical,match,"{""counterevidence"":[],""supporting"":[""S004-C01"",""S016-C02"",""S025-C02""]}","{""counterevidence"":[""S004-C01""],""supporting"":[""S001-C01"",""S025-C02"",""S029-C02""]}","The player strongly favors non-physical responses: warning rather than attacking, changing route, avoiding smoke and exposed travel, declining optional exploration, and running from battle. There is little voluntary direct-force evidence.","The player consistently prefers observation, stealth, and strategic avoidance over direct physical confrontation. They use Sixth Sense to detect threats (S001-C01, S026-C01), hide from enemies (S003), avoid clearing investigations when possible (S017-C02), and choose to run away from combat rather than engage (S029-C02). Even when forced into combat (S023), it is a result of entering a tunnel for efficiency, not a desire for fight. The player avoids climbing the treehouse (S020-C02) and avoids the refugee crowd (S025-C02), favoring controlled, solitary movement."
individual,T0014,perceived_profile.action.support,clear,clear,match,"{""counterevidence"":[],""supporting"":[""S004-C01"",""S016-C02"",""S025-C02""]}","{""counterevidence"":[""S004-C01""],""supporting"":[""S001-C01"",""S025-C02"",""S029-C02""]}","The player strongly favors non-physical responses: warning rather than attacking, changing route, avoiding smoke and exposed travel, declining optional exploration, and running from battle. There is little voluntary direct-force evidence.","The player consistently prefers observation, stealth, and strategic avoidance over direct physical confrontation. They use Sixth Sense to detect threats (S001-C01, S026-C01), hide from enemies (S003), avoid clearing investigations when possible (S017-C02), and choose to run away from combat rather than engage (S029-C02). Even when forced into combat (S023), it is a result of entering a tunnel for efficiency, not a desire for fight. The player avoids climbing the treehouse (S020-C02) and avoids the refugee crowd (S025-C02), favoring controlled, solitary movement."
individual,T0014,causal_continuity.label,continuous,continuous,match,[],[],"The story's route changes, encounters, combat resolution, and final ambush follow from the preceding scenes without a verifiable missing cause or contradiction.","The narrative flow is logical. The player's decisions lead directly to the described outcomes. The final death is a direct consequence of running into the forest (S029-C02) where Drakkarim were waiting, which is a plausible risk of that choice. No contradictions or unsupported dependencies are found."
individual,T0014,profile_coherence.label,mixed,coherent,disagreement,"{""counterevidence"":[""S004-C01"",""S022-C01""],""supporting"":[""S016-C02"",""S025-C02"",""S027-C02""]}","{""counterevidence"":[""S004-C01""],""supporting"":[""S027-C02"",""S029-C02"",""S025-C02""]}","The risk and action choices are broadly cautious and tactical, but the moral profile shifts from aiding the wizard to abandoning two explicitly endangered allies.","The decisions form a stable profile of a cautious, self-preserving character who relies on stealth and avoidance. The initial help to the wizard is an exception, but the subsequent abandonment of the soldier and the Prince aligns with a 'selfish' or 'survivalist' orientation that prioritizes the mission and self over others. The tactical approach is consistent throughout."
pairwise,C002,narrative_distinctness.label,high,high,match,"{""story_a"":[""S004-C04"",""S008-C02"",""S021-C02"",""S024-C02"",""S027-C02""],""story_b"":[""S005-C01"",""S009-C01"",""S010-C01"",""S013-C01"",""S014-C01""]}","{""story_a"":[""S004-C04"",""S027-C02"",""S008-C02"",""S020-C02"",""S024-C02""],""story_b"":[""S005-C01"",""S009-C01"",""S010-C01"",""S014-C01"",""S008-C01""]}","The two stories create clearly different experiences of the journey. Story A is predominantly solitary and evasive, repeatedly using cover, avoiding encounters, and withdrawing from endangered characters. Story B instead spends much of its short route among refugees and endangered allies, repeatedly choosing to intervene and fight directly.","The two trajectories present fundamentally different experiences of the protagonist's journey. Story A is characterized by isolation, stealth, and avoidance; the protagonist actively flees from conflict (S004-C04, S027-C02) and navigates through dangerous terrain alone, resulting in a death by ambush after avoiding a major battle. Story B involves social interaction and direct engagement; the protagonist speaks with refugees (S005-C01), intervenes to save children from monsters (S009-C01, S010-C01), and fights to defend a Prince (S014-C01), leading to a different narrative arc involving a royal message before dying in a separate ambush. The manner of acting—solitary evasion versus communal defense—creates a clear distinction in the adventure experience."
pairwise,C002,perceived_profile_shift.risk,A_more_cautious,A_more_cautious,match,"{""story_a"":[""S004-C04"",""S008-C02"",""S021-C02"",""S024-C02"",""S027-C02""],""story_b"":[""S005-C01"",""S009-C01"",""S010-C01"",""S013-C01"",""S014-C01""]}","{""story_a"":[""S004-C04"",""S027-C02"",""S008-C02"",""S020-C02"",""S024-C02""],""story_b"":[""S005-C01"",""S009-C01"",""S010-C01"",""S014-C01"",""S008-C01""]}","Relative to B, A repeatedly avoids optional danger, remains under cover, and leaves other characters in danger, including the wizard and the fallen Prince. B approaches refugees, helps the children, chooses direct combat with the Giaks, follows the battle, and defends the Prince. These repeated contrasts make A more cautious, more selfish, and more tactical than B overall.","Story A demonstrates a cautious and tactical approach, repeatedly choosing to avoid confrontation. The protagonist flees a battle to save a wizard (S004-C04), avoids a stranger who turns out to be a monster (though forced into combat later, the initial choice was to call out, but the overall pattern is avoidance of the bridge battle S027-C02), and generally seeks cover or alternative routes (S008-C02, S020-C02). In contrast, Story B shows reckless engagement and noble action. The protagonist voluntarily fights Giaks to save children (S010-C01) and enters a fierce battle to defend the Prince (S014-C01). Regarding morality, A is more selfish as the protagonist abandons the wizard and the Prince to save themselves (S004-C04, S027-C02), whereas B is more noble, actively risking life to help refugees and the royal family (S009-C01, S014-C01). Action-wise, A relies on stealth and avoidance (tactical), while B relies on direct combat (physical)."
pairwise,C002,perceived_profile_shift.morality,A_more_selfish,A_more_selfish,match,"{""story_a"":[""S004-C04"",""S008-C02"",""S021-C02"",""S024-C02"",""S027-C02""],""story_b"":[""S005-C01"",""S009-C01"",""S010-C01"",""S013-C01"",""S014-C01""]}","{""story_a"":[""S004-C04"",""S027-C02"",""S008-C02"",""S020-C02"",""S024-C02""],""story_b"":[""S005-C01"",""S009-C01"",""S010-C01"",""S014-C01"",""S008-C01""]}","Relative to B, A repeatedly avoids optional danger, remains under cover, and leaves other characters in danger, including the wizard and the fallen Prince. B approaches refugees, helps the children, chooses direct combat with the Giaks, follows the battle, and defends the Prince. These repeated contrasts make A more cautious, more selfish, and more tactical than B overall.","Story A demonstrates a cautious and tactical approach, repeatedly choosing to avoid confrontation. The protagonist flees a battle to save a wizard (S004-C04), avoids a stranger who turns out to be a monster (though forced into combat later, the initial choice was to call out, but the overall pattern is avoidance of the bridge battle S027-C02), and generally seeks cover or alternative routes (S008-C02, S020-C02). In contrast, Story B shows reckless engagement and noble action. The protagonist voluntarily fights Giaks to save children (S010-C01) and enters a fierce battle to defend the Prince (S014-C01). Regarding morality, A is more selfish as the protagonist abandons the wizard and the Prince to save themselves (S004-C04, S027-C02), whereas B is more noble, actively risking life to help refugees and the royal family (S009-C01, S014-C01). Action-wise, A relies on stealth and avoidance (tactical), while B relies on direct combat (physical)."
pairwise,C002,perceived_profile_shift.action,A_more_tactical,A_more_tactical,match,"{""story_a"":[""S004-C04"",""S008-C02"",""S021-C02"",""S024-C02"",""S027-C02""],""story_b"":[""S005-C01"",""S009-C01"",""S010-C01"",""S013-C01"",""S014-C01""]}","{""story_a"":[""S004-C04"",""S027-C02"",""S008-C02"",""S020-C02"",""S024-C02""],""story_b"":[""S005-C01"",""S009-C01"",""S010-C01"",""S014-C01"",""S008-C01""]}","Relative to B, A repeatedly avoids optional danger, remains under cover, and leaves other characters in danger, including the wizard and the fallen Prince. B approaches refugees, helps the children, chooses direct combat with the Giaks, follows the battle, and defends the Prince. These repeated contrasts make A more cautious, more selfish, and more tactical than B overall.","Story A demonstrates a cautious and tactical approach, repeatedly choosing to avoid confrontation. The protagonist flees a battle to save a wizard (S004-C04), avoids a stranger who turns out to be a monster (though forced into combat later, the initial choice was to call out, but the overall pattern is avoidance of the bridge battle S027-C02), and generally seeks cover or alternative routes (S008-C02, S020-C02). In contrast, Story B shows reckless engagement and noble action. The protagonist voluntarily fights Giaks to save children (S010-C01) and enters a fierce battle to defend the Prince (S014-C01). Regarding morality, A is more selfish as the protagonist abandons the wizard and the Prince to save themselves (S004-C04, S027-C02), whereas B is more noble, actively risking life to help refugees and the royal family (S009-C01, S014-C01). Action-wise, A relies on stealth and avoidance (tactical), while B relies on direct combat (physical)."
pairwise,C003,narrative_distinctness.label,high,medium,disagreement,"{""story_a"":[""S014-C02"",""S015-C02"",""S021-C01"",""S030-C02"",""S040-C02""],""story_b"":[""S009-C01"",""S010-C01"",""S017-C02"",""S025-C02"",""S035-C01""]}","{""story_a"":[""S014-C02"",""S015-C02"",""S027-C02"",""S029-C01"",""S030-C02""],""story_b"":[""S009-C01"",""S010-C01"",""S017-C02"",""S025-C02"",""S030-C01""]}","Although the stories share several locations and later city material, they present clearly different ways of moving through the adventure. Story A repeatedly withdraws from danger and from opportunities to help, then relies on concealment and indirect routes. Story B repeatedly enters dangerous situations, helps the children, fights directly, and presses ahead through exposed threats.","Both trajectories follow the same general route from the monastery to Holmgard and share the same ending. However, the manner of travel differs significantly. Story A involves a more cautious, stealth-oriented approach, utilizing the river and hiding from threats (S027-C02, S029-C01, S030-C02). Story B involves a more direct, high-risk approach, charging through enemies on horseback (S017-C02) and fighting bandits on the highway (S025-C02, S030-C01). The experience in A is one of evasion and survival, while B is one of confrontation and speed."
pairwise,C003,perceived_profile_shift.risk,A_more_cautious,A_more_cautious,match,"{""story_a"":[""S014-C02"",""S015-C02"",""S021-C01"",""S030-C02"",""S040-C02""],""story_b"":[""S009-C01"",""S010-C01"",""S017-C02"",""S025-C02"",""S035-C01""]}","{""story_a"":[""S014-C02"",""S015-C02"",""S027-C02"",""S029-C01"",""S030-C02""],""story_b"":[""S009-C01"",""S010-C01"",""S017-C02"",""S025-C02"",""S030-C01""]}","A repeatedly chooses safety and concealment: it runs from the threatened children, continues deeper into the forest, flees the Doomwolves, stays hidden rather than helping a wounded ranger, and later evades an unnecessary fight. B instead helps the children, chooses to fight the Giaks, attempts to break through the Doomwolves on horseback, keeps running when concealment is available, and fights the madman. Relative to B, A is therefore more cautious, more selfish, and more tactical.","Story A demonstrates a more cautious and tactical profile. The protagonist avoids a direct confrontation with Giaks by hiding (S014-C02, S015-C02) and chooses to hide behind a log rather than engage riders (S029-C01). In contrast, Story B's protagonist engages in direct combat with Giaks to save children (S009-C01, S010-C01) and charges head-on into Doomwolves (S017-C02). Regarding morality, Story A's protagonist explicitly chooses to run for cover while children are attacked (S014-C02) and stays hidden while a ranger is attacked (S030-C02), prioritizing self-preservation. Story B's protagonist fights to defend the children (S009-C01) and kills bandits who were preying on refugees (S030-C01), showing a more noble or protective stance. Story A relies on stealth and avoidance (S027-C02, S033-C02), whereas Story B relies on physical force and direct engagement (S010-C01, S030-C01, S035-C01)."
pairwise,C003,perceived_profile_shift.morality,A_more_selfish,A_more_selfish,match,"{""story_a"":[""S014-C02"",""S015-C02"",""S021-C01"",""S030-C02"",""S040-C02""],""story_b"":[""S009-C01"",""S010-C01"",""S017-C02"",""S025-C02"",""S035-C01""]}","{""story_a"":[""S014-C02"",""S015-C02"",""S027-C02"",""S029-C01"",""S030-C02""],""story_b"":[""S009-C01"",""S010-C01"",""S017-C02"",""S025-C02"",""S030-C01""]}","A repeatedly chooses safety and concealment: it runs from the threatened children, continues deeper into the forest, flees the Doomwolves, stays hidden rather than helping a wounded ranger, and later evades an unnecessary fight. B instead helps the children, chooses to fight the Giaks, attempts to break through the Doomwolves on horseback, keeps running when concealment is available, and fights the madman. Relative to B, A is therefore more cautious, more selfish, and more tactical.","Story A demonstrates a more cautious and tactical profile. The protagonist avoids a direct confrontation with Giaks by hiding (S014-C02, S015-C02) and chooses to hide behind a log rather than engage riders (S029-C01). In contrast, Story B's protagonist engages in direct combat with Giaks to save children (S009-C01, S010-C01) and charges head-on into Doomwolves (S017-C02). Regarding morality, Story A's protagonist explicitly chooses to run for cover while children are attacked (S014-C02) and stays hidden while a ranger is attacked (S030-C02), prioritizing self-preservation. Story B's protagonist fights to defend the children (S009-C01) and kills bandits who were preying on refugees (S030-C01), showing a more noble or protective stance. Story A relies on stealth and avoidance (S027-C02, S033-C02), whereas Story B relies on physical force and direct engagement (S010-C01, S030-C01, S035-C01)."
pairwise,C003,perceived_profile_shift.action,A_more_tactical,A_more_tactical,match,"{""story_a"":[""S014-C02"",""S015-C02"",""S021-C01"",""S030-C02"",""S040-C02""],""story_b"":[""S009-C01"",""S010-C01"",""S017-C02"",""S025-C02"",""S035-C01""]}","{""story_a"":[""S014-C02"",""S015-C02"",""S027-C02"",""S029-C01"",""S030-C02""],""story_b"":[""S009-C01"",""S010-C01"",""S017-C02"",""S025-C02"",""S030-C01""]}","A repeatedly chooses safety and concealment: it runs from the threatened children, continues deeper into the forest, flees the Doomwolves, stays hidden rather than helping a wounded ranger, and later evades an unnecessary fight. B instead helps the children, chooses to fight the Giaks, attempts to break through the Doomwolves on horseback, keeps running when concealment is available, and fights the madman. Relative to B, A is therefore more cautious, more selfish, and more tactical.","Story A demonstrates a more cautious and tactical profile. The protagonist avoids a direct confrontation with Giaks by hiding (S014-C02, S015-C02) and chooses to hide behind a log rather than engage riders (S029-C01). In contrast, Story B's protagonist engages in direct combat with Giaks to save children (S009-C01, S010-C01) and charges head-on into Doomwolves (S017-C02). Regarding morality, Story A's protagonist explicitly chooses to run for cover while children are attacked (S014-C02) and stays hidden while a ranger is attacked (S030-C02), prioritizing self-preservation. Story B's protagonist fights to defend the children (S009-C01) and kills bandits who were preying on refugees (S030-C01), showing a more noble or protective stance. Story A relies on stealth and avoidance (S027-C02, S033-C02), whereas Story B relies on physical force and direct engagement (S010-C01, S030-C01, S035-C01)."
pairwise,C006,narrative_distinctness.label,medium,medium,match,"{""story_a"":[""S004-C04"",""S013-C03"",""S020-C02"",""S025-C02"",""S026-C02""],""story_b"":[""S004-C01"",""S013-C01"",""S016-C02"",""S022-C01"",""S028-C01""]}","{""story_a"":[""S004-C04"",""S013-C03"",""S025-C02""],""story_b"":[""S004-C01"",""S020-C02"",""S027-C02""]}","The stories remain recognizably similar forest journeys and converge on several late situations, but their middle sections and some major encounters differ. A abandons the threatened wizard, later confronts the raven's master directly, and initially avoids the battle; B warns the wizard, takes a different forest route, investigates some uncertain situations, and later chooses to follow the battle.","Both trajectories follow the same initial path through the forest and share the same ending (death by Drakkarim). However, Story A features a distinct narrative arc where the protagonist avoids helping a wizard, leading to a guilt-ridden flight, a direct confrontation with a Vordak, and a decision to flee a valuable gem. Story B involves helping the wizard Banedon, receiving a Crystal Star Pendant and lore about a traitor, and taking a different route through the forest that includes finding equipment in a cabin. The middle sections offer different experiences of interaction and resource acquisition, though the final outcome is identical."
pairwise,C006,perceived_profile_shift.risk,A_more_cautious,similar,disagreement,"{""story_a"":[""S004-C04"",""S013-C03"",""S020-C02"",""S025-C02"",""S026-C02""],""story_b"":[""S004-C01"",""S013-C01"",""S016-C02"",""S022-C01"",""S028-C01""]}","{""story_a"":[""S004-C04"",""S013-C03"",""S025-C02""],""story_b"":[""S004-C01"",""S020-C02"",""S027-C02""]}","A shows more repeated danger avoidance, notably leaving the wizard's battle, taking cover when the Kraan approach, leaving the wounded soldier, and initially continuing away from the battle. B takes several comparatively riskier options, including warning the wizard, investigating huts despite fresh Giak tracks, entering the unknown tunnel, and following the sound of battle. Morally, both later leave endangered characters, but B's warning to the wizard contrasts with A's explicit withdrawal, making A more selfish overall. For action, A's direct pre-emptive attack on the suspicious stranger gives it a more physical orientation relative to B's warning, route changes, and avoidance choices.","Risk: Both protagonists engage in combat when forced (Vordak/Burrowcrawler in A, Burrowcrawler in B) and flee from overwhelming odds (Giaks in both). Story A attacks a stranger (Vordak) while Story B avoids a treehouse; these balance out. Morality: Story A explicitly chooses to leave a wounded wizard to die (S004-C04) and later leaves a wounded soldier (S025-C02). Story B chooses to help the wizard (S004-C01) but also leaves the wounded soldier (S027-C02). The initial choice to save a life in B versus abandoning it in A makes A more selfish. Action: Story A chooses to draw a weapon and attack a stranger (S013-C03), a direct physical confrontation. Story B chooses to avoid a potential threat (the treehouse) and take a different path (S020-C02), showing more caution/tactical avoidance. Thus, A is more physical."
pairwise,C006,perceived_profile_shift.morality,A_more_selfish,A_more_selfish,match,"{""story_a"":[""S004-C04"",""S013-C03"",""S020-C02"",""S025-C02"",""S026-C02""],""story_b"":[""S004-C01"",""S013-C01"",""S016-C02"",""S022-C01"",""S028-C01""]}","{""story_a"":[""S004-C04"",""S013-C03"",""S025-C02""],""story_b"":[""S004-C01"",""S020-C02"",""S027-C02""]}","A shows more repeated danger avoidance, notably leaving the wizard's battle, taking cover when the Kraan approach, leaving the wounded soldier, and initially continuing away from the battle. B takes several comparatively riskier options, including warning the wizard, investigating huts despite fresh Giak tracks, entering the unknown tunnel, and following the sound of battle. Morally, both later leave endangered characters, but B's warning to the wizard contrasts with A's explicit withdrawal, making A more selfish overall. For action, A's direct pre-emptive attack on the suspicious stranger gives it a more physical orientation relative to B's warning, route changes, and avoidance choices.","Risk: Both protagonists engage in combat when forced (Vordak/Burrowcrawler in A, Burrowcrawler in B) and flee from overwhelming odds (Giaks in both). Story A attacks a stranger (Vordak) while Story B avoids a treehouse; these balance out. Morality: Story A explicitly chooses to leave a wounded wizard to die (S004-C04) and later leaves a wounded soldier (S025-C02). Story B chooses to help the wizard (S004-C01) but also leaves the wounded soldier (S027-C02). The initial choice to save a life in B versus abandoning it in A makes A more selfish. Action: Story A chooses to draw a weapon and attack a stranger (S013-C03), a direct physical confrontation. Story B chooses to avoid a potential threat (the treehouse) and take a different path (S020-C02), showing more caution/tactical avoidance. Thus, A is more physical."
pairwise,C006,perceived_profile_shift.action,A_more_physical,A_more_physical,match,"{""story_a"":[""S004-C04"",""S013-C03"",""S020-C02"",""S025-C02"",""S026-C02""],""story_b"":[""S004-C01"",""S013-C01"",""S016-C02"",""S022-C01"",""S028-C01""]}","{""story_a"":[""S004-C04"",""S013-C03"",""S025-C02""],""story_b"":[""S004-C01"",""S020-C02"",""S027-C02""]}","A shows more repeated danger avoidance, notably leaving the wizard's battle, taking cover when the Kraan approach, leaving the wounded soldier, and initially continuing away from the battle. B takes several comparatively riskier options, including warning the wizard, investigating huts despite fresh Giak tracks, entering the unknown tunnel, and following the sound of battle. Morally, both later leave endangered characters, but B's warning to the wizard contrasts with A's explicit withdrawal, making A more selfish overall. For action, A's direct pre-emptive attack on the suspicious stranger gives it a more physical orientation relative to B's warning, route changes, and avoidance choices.","Risk: Both protagonists engage in combat when forced (Vordak/Burrowcrawler in A, Burrowcrawler in B) and flee from overwhelming odds (Giaks in both). Story A attacks a stranger (Vordak) while Story B avoids a treehouse; these balance out. Morality: Story A explicitly chooses to leave a wounded wizard to die (S004-C04) and later leaves a wounded soldier (S025-C02). Story B chooses to help the wizard (S004-C01) but also leaves the wounded soldier (S027-C02). The initial choice to save a life in B versus abandoning it in A makes A more selfish. Action: Story A chooses to draw a weapon and attack a stranger (S013-C03), a direct physical confrontation. Story B chooses to avoid a potential threat (the treehouse) and take a different path (S020-C02), showing more caution/tactical avoidance. Thus, A is more physical."
