edge_id,source_id,target_id,transition_kind,neutral_compiled_weight,neutral_expected_flow,balanced_mean_expected_flow,expected_flow_range,neutral_expected_flow_given_death,neutral_expected_flow_given_win,neutral_win_minus_death_expected_flow
e0001,1,141,kai,0.5,0.5,0.5,0,0.494253316626,0.542217832483,0.047964515857
e0002,1,85,profile_choice,0.25,0.25,0.25,0,0.243478879177,0.297907213353,0.054428334176
e0003,1,275,profile_choice,0.25,0.25,0.25,0,0.262267804197,0.159874954164,-0.102392850033
e0004,2,343,random,0.5,0.0569640216797,0.0585386811455,0.0718098642988,0.0572899823981,0.0545693612978,-0.0027206211003
e0005,2,276,random,0.5,0.0569640216797,0.0585386811455,0.0718098642988,0.0572899823981,0.0545693612978,-0.0027206211003
e0006,3,196,profile_choice,0.5,0.0361973482593,0.0315356538224,0.0591082622525,0.00678889593558,0.252245637836,0.2454567419
e0007,3,144,profile_choice,0.5,0.0361973482593,0.0693164861909,0.223775127725,0.0135777918712,0.20237122286,0.188793430989
e0008,4,218,kai,0.5,0.0179736767737,0.0260262037823,0.0839577139137,0.00711176062048,0.09777040938,0.0906586487595
e0009,4,75,profile_choice,0.25,0.00898683838687,0.0183628985131,0.0680390902832,0.00355588031024,0.04888520469,0.0453293243798
e0010,4,175,profile_choice,0.25,0.00898683838687,0.00766330526925,0.0159186236305,0.00294962887288,0.0533390122095,0.0503893833366
e0011,5,111,forced,1,5.11607110233e-05,5.25401479274e-05,0.000183460520126,2.5836802106e-05,0.000237202028219,0.000211365226113
e0012,6,183,profile_choice,0.5,0.124911502153,0.107865419956,0.166205780451,0.112572340025,0.21556077683,0.102988436805
e0013,6,200,profile_choice,0.5,0.124911502153,0.178854426473,0.508666505454,0.0962077232421,0.335782930199,0.239575206957
e0014,7,108,random,0.3,0.025062344025,0.0328330155243,0.0585351312529,0.0284738255546,0,-0.0284738255546
e0015,7,25,random,0.7,0.0584788027251,0.0766103695567,0.136581972923,0,0.488091526516,0.488091526516
e0016,8,70,forced,1,0.360134661751,0.358423677354,0.098965016814,0.332101338867,0.566080605233,0.233979266366
e0017,9,236,state_condition,0.5,0.00449341919343,0.00401005036282,0.00942492505445,0.00279161604156,0.016995663654,0.0142040476124
e0018,9,292,state_condition,0.5,0.00449341919343,0.00401005036282,0.00942492505445,0.00510506256436,0,-0.00510506256436
e0019,10,115,profile_choice,0.5,0.0269605151606,0.0271107450984,0.0573168649864,0.00744767528437,0.170310992555,0.162863317271
e0020,10,83,profile_choice,0.5,0.0269605151606,0.0247743104154,0.0479740587777,0.00744767528437,0.170310992555,0.162863317271
e0021,11,139,forced,1,0.00807989855257,0.00833704852144,0.025278696599,0,0.0674386245074,0.0674386245074
e0022,12,262,state_condition,0.5,0.0220252025613,0.0275350081815,0.0926853054288,0.0238626932518,0.00852613377576,-0.015336559476
e0023,12,247,state_condition,0.5,0.0220252025613,0.0275350081815,0.0926853054288,0.0232824053931,0.0127892006636,-0.0104932047295
e0024,13,307,profile_choice,0.5,0.0761581515918,0.0756886308028,0.127502522583,0.0765939453625,0.0729566060724,-0.0036373392901
e0025,13,213,profile_choice,0.5,0.0761581515918,0.0747042152525,0.112482395804,0.0765939453625,0.0729566060724,-0.0036373392901
e0026,14,43,profile_choice,0.5,0.055654296875,0.0481531643926,0.068316,0.0559575408231,0.0534265245466,-0.0025310162765
e0027,14,106,profile_choice,0.5,0.055654296875,0.052557137504,0.0764479012346,0.055180658496,0.0591338666444,0.0039532081484
e0028,15,207,profile_choice,0.333333333333,0.0360657353568,0.0353853635499,0.0019330192362,0.0332104532994,0.0570419770832,0.0238315237838
e0029,15,201,profile_choice,0.333333333333,0.0360657353568,0.0353853635499,0.0019330192362,0.0331171481216,0.0577274406998,0.0246102925782
e0030,15,35,profile_choice,0.333333333333,0.0360657353568,0.0353853635499,0.0019330192362,0.0332104532994,0.0570419770832,0.0238315237838
e0031,16,192,forced,1,0.0955542764494,0.0730332683151,0.109591925244,0.0646012772159,0.322949532346,0.25834825513
e0032,17,53,combat,0.0833,0.000778155410156,0.00056538250531,0.00119744828,0.000884077777442,0,-0.000884077777442
e0033,17,274,combat,0.1666,0.00155631082031,0.00113076501062,0.00239489656,0.0015652163747,0.00149088643921,-7.432993549e-05
e0034,17,316,combat,0.5831,0.00544708787109,0.00395767753717,0.00838213796,0.00547825731144,0.00521810253724,-0.0002601547742
e0035,17,Death,combat,0.167,0.00156004746094,0.00113347993261,0.00240064661176,0.00177240082632,0,-0.00177240082632
e0036,18,114,kai,0.5,0.00678714960944,0.00555633296096,0.0145344921441,0.00378526136956,0.0288404291424,0.0250551677728
e0037,18,239,profile_choice,0.25,0.00339357480472,0.00222316081343,0.0072018163543,0.00189263068478,0.0144202145712,0.0125275838864
e0038,18,29,profile_choice,0.25,0.00339357480472,0.00333317214752,0.00891560913075,0.00273453911967,0.00823516017471,0.00550062105504
e0039,19,69,kai,0.5,0.1059828125,0.110672354135,0.114691186814,0.111342452571,0.0666083817324,-0.0447340708386
e0040,19,272,profile_choice,0.25,0.05299140625,0.065094649237,0.145344131869,0.0556712262853,0.0333041908662,-0.0223670354191
e0041,19,119,profile_choice,0.25,0.05299140625,0.0455777048984,0.0456455555556,0.054302623984,0.0433585855366,-0.0109440384474
e0042,20,273,forced,1,0.0149754428169,0.00948409168487,0.0178769140828,0.00491518781304,0.0888827964706,0.0839676086576
e0043,21,189,random,0.6,0.00216706153293,0.00244186533984,0.00777100685319,0.00109439331194,0.0100473855934,0.00895299228146
e0044,21,312,random,0.04,0.000144470768862,0.000162791022656,0.000518067123546,9.95603121459e-05,0.000474404056437,0.000374843744291
e0045,21,Death,random,0.36,0.00130023691976,0.0014651192039,0.00466260411191,0.00147722492341,0,-0.00147722492341
e0046,22,181,random,0.5,0.0123569027819,0.0115783641333,0.0154133814268,0.0040557397002,0.0733411417881,0.0692854020879
e0047,22,145,random,0.5,0.0123569027819,0.0115783641333,0.0154133814268,0,0.103136508629,0.103136508629
e0048,23,326,profile_choice,0.25,0.0156191953261,0.0215118703164,0.061784148425,0.00512647802503,0.0927036199311,0.0875771419061
e0049,23,151,profile_choice,0.25,0.0156191953261,0.0215118703164,0.061784148425,0.00828117782886,0.0695277149483,0.0612465371194
e0050,23,337,profile_choice,0.5,0.0312383906521,0.0244016581938,0.029380000162,0.0228717552654,0.0927036199311,0.0698318646657
e0051,24,234,profile_choice,0.5,0.0149069324085,0.0144797396868,0.0299913248646,0.0169360612291,0,-0.0169360612291
e0052,24,184,profile_choice,0.5,0.0149069324085,0.0144797396868,0.0299913248646,0.00939231906661,0.0554198695425,0.0460275504759
e0053,25,139,forced,1,0.0584788027251,0.0766103695567,0.136581972923,0,0.488091526516,0.488091526516
e0054,26,249,profile_choice,0.5,0.0168503219754,0.0177922072308,0.0367133342835,0.0101754991583,0.0658867022985,0.0557112031402
e0055,26,100,profile_choice,0.5,0.0168503219754,0.0191351106206,0.0505515968567,0.010566247155,0.0630160841707,0.0524498370157
e0056,27,250,profile_choice,0.5,0.0520625,0.0623525,0.15435,0.0514700393393,0.0564149940031,0.0049449546638
e0057,27,52,profile_choice,0.5,0.0520625,0.0417725,0.0735,0.0514326918933,0.0566893658652,0.0052566739719
e0058,28,130,profile_choice,0.5,0.2650047511,0.263273058738,0.062654882707,0.243163252529,0.425462647897,0.182299395368
e0059,28,147,profile_choice,0.5,0.2650047511,0.263273058738,0.062654882707,0.242811667801,0.428045554279,0.185233886478
e0060,29,270,combat,0.833,0.00361176922155,0.0040697755664,0.0129516780887,0.00267117854749,0.0105217896499,0.00785061110241
e0061,29,Death,combat,0.167,0.000724088187274,0.000815909387261,0.00259655491093,0.000822650934405,0,-0.000822650934405
e0062,30,194,profile_choice,0.5,0.167889094394,0.179997755956,0.376978180725,0.151848124075,0.285733588974,0.133885464899
e0063,30,261,profile_choice,0.5,0.167889094394,0.158248039762,0.273305659389,0.157346898496,0.245337011983,0.087990113487
e0064,31,264,forced,1,0.0659116795185,0.0586706124468,0.0711430614402,0.0615594777908,0.0978849955163,0.0363255177255
e0065,32,176,profile_choice,0.5,0.0394960515552,0.0338658687322,0.113104878013,0.0233729632089,0.157943823698,0.134570860489
e0066,32,340,profile_choice,0.5,0.0394960515552,0.0546126422142,0.196006645357,0.0269633435393,0.13156720514,0.104603861601
e0067,33,248,forced,1,0.0538655429297,0.0576134297686,0.117910113161,0.0550517655905,0.0451509946733,-0.0099007709172
e0068,34,328,combat,0.833,0.00541765383233,0.00462691003375,0.010710524229,0.00273598327985,0.0251184639836,0.0223824807037
e0069,34,Death,combat,0.167,0.00108613228091,0.000927603812288,0.00214724795467,0.00123397640161,0,-0.00123397640161
e0070,35,207,forced,1,0.0514851439513,0.050876950918,0.006326248815,0.0474091253622,0.0814294890246,0.0340203636624
e0071,36,140,random,0.5,0.020505859375,0.0249904727327,0.0581734876543,0.0199528650001,0.0245684155246,0.0046155505245
e0072,36,323,random,0.5,0.020505859375,0.0249904727327,0.0581734876543,0.0199528650001,0.0245684155246,0.0046155505245
e0073,37,282,kai,0.5,0.00807989855257,0.00833704852144,0.025278696599,0,0.0674386245074,0.0674386245074
e0074,37,289,profile_choice,0.5,0.00807989855257,0.00833704852144,0.025278696599,0,0.0674386245074,0.0674386245074
e0075,38,128,profile_choice,0.5,0.0474399414062,0.0405072249373,0.0319247526455,0.0482279387442,0.0416509432238,-0.0065769955204
e0076,38,347,profile_choice,0.5,0.0474399414062,0.0523324085999,0.0899347253561,0.0477114032329,0.0454456554542,-0.0022657477787
e0077,39,228,forced,1,0.013015625,0.0107289583333,0.0312375,0.0128301623888,0.0143781203629,0.0015479579741
e0078,40,105,forced,1,0.0683841796875,0.0815939904929,0.141663285385,0.071842425237,0.0429782852298,-0.0288641400072
e0079,41,174,profile_choice,0.5,0.00337006439508,0.00234117602234,0.00473008445551,0.00110611082733,0.0200021295786,0.0188960187513
e0080,41,116,profile_choice,0.5,0.00337006439508,0.00234117602234,0.00473008445551,0.00110611082733,0.0200021295786,0.0188960187513
e0081,42,86,profile_choice,0.25,0.0616776343782,0.0619663494726,0.0294640086218,0.0556039747085,0.106297588148,0.0506936134395
e0082,42,238,profile_choice,0.25,0.0616776343782,0.0619663494726,0.0294640086218,0.056569660156,0.0992032097392,0.0426335495832
e0083,42,157,profile_choice,0.25,0.0616776343782,0.0619663494726,0.0294640086218,0.0571998491705,0.0945735455459,0.0373736963754
e0084,42,147,profile_choice,0.25,0.0616776343782,0.0619663494726,0.0294640086218,0.0565123802772,0.0996240146053,0.0431116343281
e0085,43,195,combat,0.4165,0.0231800146484,0.0200557929695,0.028453614,0.0230875108134,0.0238595912244,0.000772080411
e0086,43,106,escape,0.5,0.0278271484375,0.0240765821963,0.034158,0.027590329248,0.0295669333222,0.0019766040742
e0087,43,Death,combat,0.0835,0.00464713378906,0.00402078922678,0.005704386,0.00527970076168,0,-0.00527970076168
e0088,44,277,random,0.5,0.0308235485156,0.0297814633375,0.0335379107036,0.0320047567808,0.0221458383621,-0.0098589184187
e0089,44,338,random,0.5,0.0308235485156,0.0297814633375,0.0335379107036,0.0320047567808,0.0221458383621,-0.0098589184187
e0090,45,180,forced,1,0.0269605151606,0.0259425277569,0.0375292758911,0.00845541927606,0.162907632347,0.154452213071
e0091,46,296,kai,0.5,0.00904953281258,0.00817393599915,0.0218979583891,0.00560828744934,0.0343305359255,0.0287222484762
e0092,46,246,profile_choice,0.25,0.00452476640629,0.00523520607639,0.0178927991723,0.00319434474055,0.014298668213,0.0111043234725
e0093,46,90,profile_choice,0.25,0.00452476640629,0.00293872992276,0.00888386186135,0.00280414372467,0.0171652679628,0.0143611242381
e0094,47,136,profile_choice,0.5,0.018683203125,0.0269452955676,0.0767726754663,0.0194506393748,0.0130452563431,-0.0064053830317
e0095,47,322,profile_choice,0.5,0.018683203125,0.0135746099714,0.0287502588235,0.0193386330266,0.0138681075321,-0.0054705254945
e0096,48,243,forced,1,0.0189364715004,0.017159359257,0.0195945852229,0.0195467268095,0.0144532496602,-0.0050934771493
e0097,49,339,random,0.5,0.00395908496586,0.00338337289955,0.0105783068019,0.00194015385912,0.0187911001832,0.0168509463241
e0098,49,60,random,0.5,0.00395908496586,0.00338337289955,0.0105783068019,0.00449799486277,0,-0.00449799486277
e0099,50,97,profile_choice,0.5,0.0094682357502,0.0138919961929,0.0357091738919,0.00977336340477,0.0072266248301,-0.00254673857467
e0100,50,243,profile_choice,0.5,0.0094682357502,0.0073637778983,0.0103424415241,0.00977336340477,0.0072266248301,-0.00254673857467
e0101,51,288,profile_choice,0.5,0.0252026053205,0.0280191849621,0.0815541750636,0.00827191155832,0.149583425787,0.141311514229
e0102,51,221,profile_choice,0.5,0.0252026053205,0.044460804491,0.188460232641,0.00827191155832,0.149583425787,0.141311514229
e0103,52,225,kai,0.5,0.02603125,0.02088625,0.03675,0.0256976722237,0.0284818688637,0.00278419664
e0104,52,250,kai,0.5,0.02603125,0.02088625,0.03675,0.0257350196697,0.0282074970015,0.0024724773318
e0105,53,Death,outcome,1,0.00264647572266,0.00192284350245,0.00407247416235,0.00300671349759,0,-0.00300671349759
e0106,54,Death,outcome,1,0.0159257127416,0.0118174383033,0.0237925566653,0.0180935177485,0,-0.0180935177485
e0107,55,325,combat,0.833,0.06768125,0.0646877079489,0.137856923077,0.0701680202997,0.0494122685555,-0.0207557517442
e0108,55,Death,combat,0.167,0.01356875,0.0129686041146,0.0276375824176,0.0154157256842,0,-0.0154157256842
e0109,56,222,forced,1,0.25,0.25,0,0.233719293784,0.36960570697,0.135886413186
e0110,57,164,profile_choice,0.333333333333,1.70535703411e-05,2.0994488705e-05,7.34635131348e-05,8.61226736868e-06,7.90673427395e-05,7.04550753708e-05
e0111,57,109,profile_choice,0.333333333333,1.70535703411e-05,2.0994488705e-05,7.34635131348e-05,8.61226736868e-06,7.90673427395e-05,7.04550753708e-05
e0112,57,308,profile_choice,0.333333333333,1.70535703411e-05,1.40375013793e-05,3.72530300544e-05,8.61226736868e-06,7.90673427395e-05,7.04550753708e-05
e0113,58,251,profile_choice,0.5,0.0359473535475,0.031287629018,0.0638666029279,0.0099302337125,0.227081323407,0.217151089694
e0114,58,160,profile_choice,0.5,0.0359473535475,0.0411948529917,0.101444184734,0.0253853671137,0.113540661704,0.0881552945903
e0115,59,124,profile_choice,0.333333333333,0.00386333577474,0.00530870261693,0.0143869022108,0.00386537956055,0.00384832116522,-1.705839533e-05
e0116,59,106,profile_choice,0.333333333333,0.00386333577474,0.00255373751179,0.00397757557133,0.00383045737726,0.00410487590957,0.00027441853231
e0117,59,211,profile_choice,0.333333333333,0.00386333577474,0.00432545430497,0.0143869022108,0.00390030174384,0.00359176642087,-0.00030853532297
e0118,60,Death,outcome,1,0.00519580413207,0.00426689846442,0.0121651759827,0.00590305600802,0,-0.00590305600802
e0119,61,268,forced,1,0.0429527871466,0.0498466021506,0.107892137951,0.0140978145688,0.254934954811,0.240837140242
e0120,62,288,forced,1,0.0168435818466,0.0159316272115,0.0189155101863,0.00552834191499,0.0999706436336,0.0944423017186
e0121,63,269,combat,0.833,0.0527666844249,0.0519454948989,0.116403674173,0.00899239132965,0.374353180939,0.365360789609
e0122,63,Death,combat,0.167,0.0105786750288,0.0104140427949,0.0233366309566,0.0120186422733,0,-0.0120186422733
e0123,64,188,profile_choice,0.5,0.0955542764494,0.133878426891,0.400265321315,0.0558093113609,0.387539438816,0.331730127455
e0124,64,16,profile_choice,0.5,0.0955542764494,0.0730332683151,0.109591925244,0.0646012772159,0.322949532346,0.25834825513
e0125,65,104,forced,1,0.0359473535475,0.0389323430328,0.0705023373937,0.0223329283325,0.135965309232,0.1136323809
e0126,66,350,forced,1,0.082553602494,0.101345051987,0.179657687457,0,0.689031101579,0.689031101579
e0127,67,252,forced,1,0.1875,0.1875,0.075,0.172904770496,0.294723404199,0.121818633703
e0128,68,130,profile_choice,0.5,0.0339749680897,0.0327894445684,0.0136209599294,0.0311747759653,0.0545464933202,0.0233717173549
e0129,68,15,profile_choice,0.5,0.0339749680897,0.0327894445684,0.0136209599294,0.0312559109026,0.0539504380015,0.0226945270989
e0130,69,272,forced,1,0.1059828125,0.110672354135,0.114691186814,0.111342452571,0.0666083817324,-0.0447340708386
e0131,70,8,kai,0.5,0.360134661751,0.358423677354,0.098965016814,0.332101338867,0.566080605233,0.233979266366
e0132,70,28,profile_choice,0.25,0.180067330875,0.179211838677,0.049482508407,0.165106863958,0.289973940483,0.124867076525
e0133,70,157,profile_choice,0.25,0.180067330875,0.179211838677,0.049482508407,0.166994474909,0.276106664751,0.109112189842
e0134,71,65,kai,0.5,0.0359473535475,0.0389323430328,0.0705023373937,0.0223329283325,0.135965309232,0.1136323809
e0135,71,242,profile_choice,0.25,0.0179736767737,0.0160402014513,0.0376997002178,0.013479910689,0.0509869909621,0.0375070802731
e0136,71,104,profile_choice,0.25,0.0179736767737,0.0228921415815,0.0757046729661,0.0111664641662,0.0679826546162,0.05681619045
e0137,72,265,combat,0.833,0.109445479388,0.121885137,0.267590440663,0.0552713427119,0.507434106583,0.452162763871
e0138,72,Death,combat,0.167,0.0219416507297,0.024435555677,0.0536465829421,0.024928344078,0,-0.024928344078
e0139,73,243,forced,1,0.0189364715004,0.017159359257,0.0195945852229,0.0195467268095,0.0144532496602,-0.0050934771493
e0140,74,138,profile_choice,0.5,0.0625,0.0625,0.075,0.0665535949904,0.0327203892041,-0.0338332057863
e0141,74,281,profile_choice,0.5,0.0625,0.0625,0.075,0.0647963988362,0.0456295766511,-0.0191668221851
e0142,75,260,profile_choice,0.5,0.0224670959672,0.0282343530129,0.177076218566,0.010405329369,0.111078492926,0.100673163557
e0143,75,163,profile_choice,0.5,0.0224670959672,0.0381664557245,0.170608194882,0.00737407218219,0.133347530524,0.125973458342
e0144,76,118,forced,1,0.00270882691617,0.00269627407359,0.00666126522747,0.00136799163992,0.0125592319918,0.0111912403519
e0145,77,19,forced,1,0.149465625,0.158844708271,0.229382373626,0.156059170097,0.101026348943,-0.055032821154
e0146,78,132,profile_choice,0.333333333333,0.0440504051226,0.0502225171105,0.129377705427,0.0277545673775,0.163767275405,0.136012708027
e0147,78,12,profile_choice,0.333333333333,0.0440504051226,0.055070016363,0.185370610858,0.0471450986449,0.0213153344394,-0.0258297642055
e0148,78,220,profile_choice,0.333333333333,0.0440504051226,0.036916904935,0.0786685351067,0.0454042350689,0.0341045351031,-0.0112996999658
e0149,79,204,forced,1,5.11607110233e-05,5.25401479274e-05,0.000183460520126,2.5836802106e-05,0.000237202028219,0.000211365226113
e0150,80,7,forced,1,0.00123671916621,0.000883525564869,0.00160552812823,0.000421518343577,0.0072255669115,0.00680404856792
e0151,81,183,profile_choice,0.5,0.0512901183373,0.0361199865302,0.0845838337686,0.0462235145834,0.0885117668261,0.0422882522427
e0152,81,200,profile_choice,0.5,0.0512901183373,0.0336321914623,0.0602067685808,0.0395040122406,0.137876383909,0.0983723716684
e0153,82,235,forced,1,0.157984206221,0.176957021893,0.410338676651,0.140080799997,0.289511028838,0.149430228841
e0154,83,45,kai,0.5,0.0269605151606,0.0259425277569,0.0375292758911,0.00845541927606,0.162907632347,0.154452213071
e0155,83,205,profile_choice,0.166666666667,0.00898683838687,0.00960272435223,0.0215240936269,0.00147481443644,0.0641736910606,0.0626988766242
e0156,83,180,profile_choice,0.166666666667,0.00898683838687,0.00903482220108,0.0198635619172,0.00281847309202,0.0543025441156,0.0514840710236
e0157,83,232,profile_choice,0.166666666667,0.00898683838687,0.00730498120358,0.00800259113207,0.00214664376423,0.0592381175881,0.0570914738239
e0158,84,188,forced,1,0.0159257127416,0.0118174383033,0.0237925566653,0.00930155189348,0.0645899064693,0.0552883545758
e0159,85,229,profile_choice,0.5,0.125,0.125,0.15,0.126619232285,0.113104359868,-0.013514872417
e0160,85,99,profile_choice,0.5,0.125,0.125,0.15,0.116859646892,0.184802853485,0.067943206593
e0161,86,6,profile_choice,0.25,0.0154194085946,0.0154915873681,0.0073660021555,0.0128861836037,0.0340296679976,0.0211434843939
e0162,86,35,profile_choice,0.25,0.0154194085946,0.0154915873681,0.0073660021555,0.0141986720628,0.0243875119414,0.0101888398786
e0163,86,167,profile_choice,0.25,0.0154194085946,0.0154915873681,0.0073660021555,0.0144012525224,0.0228992608316,0.0084980083092
e0164,86,42,profile_choice,0.25,0.0154194085946,0.0154915873681,0.0073660021555,0.0141178665195,0.0249811473774,0.0108632808579
e0165,87,61,forced,1,0.00780959766303,0.0107559351582,0.0308920742125,0.00256323901252,0.0463518099656,0.0437885709531
e0166,88,216,kai,0.5,0.0659116795185,0.0586706124468,0.0711430614402,0.0615594777908,0.0978849955163,0.0363255177255
e0167,88,31,kai,0.5,0.0659116795185,0.0586706124468,0.0711430614402,0.0615594777908,0.0978849955163,0.0363255177255
e0168,89,53,random,0.2,0.0018683203125,0.00135746099714,0.00287502588235,0.00212263572015,0,-0.00212263572015
e0169,89,274,random,0.3,0.00280248046875,0.00203619149571,0.00431253882353,0.00281851688121,0.00268466945837,-0.00013384742284
e0170,89,316,random,0.5,0.00467080078125,0.00339365249286,0.00718756470588,0.00469752813534,0.00447444909728,-0.00022307903806
e0171,90,18,forced,1,0.0135742992189,0.0111126659219,0.0290689842881,0.00841243117402,0.0514958038883,0.0430833727143
e0172,91,198,kai,0.5,0.0158363398634,0.013298108804,0.0236936314887,0.00785802513772,0.0744487833617,0.066590758224
e0173,91,152,profile_choice,0.25,0.00791816993171,0.00618324272052,0.0123052223977,0.00515922822006,0.0281866502748,0.0230274220547
e0174,91,7,profile_choice,0.25,0.00791816993171,0.00711486608344,0.0193851360831,0.00269879691766,0.0462621330868,0.0435633361691
e0175,92,13,forced,1,0.0220357000391,0.0179256925041,0.0364781163888,0.0221617931835,0.0211093606354,-0.0010524325481
e0176,93,106,forced,1,0.00289750183105,0.00409701467815,0.0136477986581,0.00287284303295,0.00307865693218,0.00020581389923
e0177,94,7,forced,1,0.00247343833242,0.00176705112974,0.00321105625646,0.000843036687154,0.014451133823,0.0136080971358
e0178,95,240,profile_choice,0.5,5.11607110233e-05,5.25401479274e-05,0.000183460520126,2.5836802106e-05,0.000237202028219,0.000211365226113
e0179,95,5,profile_choice,0.5,5.11607110233e-05,5.25401479274e-05,0.000183460520126,2.5836802106e-05,0.000237202028219,0.000211365226113
e0180,96,33,profile_choice,0.5,0.0056049609375,0.00537071270445,0.0144577210084,0.00572839293717,0.00469817155214,-0.00103022138503
e0181,96,248,profile_choice,0.5,0.0056049609375,0.00357631877602,0.00579792882943,0.00572839293717,0.00469817155214,-0.00103022138503
e0182,97,255,profile_choice,0.5,0.189656910229,0.212433399631,0.492603453364,0.176064786486,0.289511028838,0.113446242352
e0183,97,306,profile_choice,0.5,0.189656910229,0.157132249728,0.29857110926,0.215472972986,0,-0.215472972986
e0184,98,139,forced,1,0.00791500266374,0.00806058538784,0.0232807348346,0,0.066062326048,0.066062326048
e0185,99,222,forced,1,0.125,0.125,0.15,0.116859646892,0.184802853485,0.067943206593
e0186,100,161,profile_choice,0.333333333333,0.0168503219754,0.0146636885614,0.0272158731388,0.00978475116156,0.0687573204263,0.0589725692647
e0187,100,133,profile_choice,0.333333333333,0.0168503219754,0.0183247194882,0.0412416941042,0.0113477431485,0.0572748479151,0.0459271047666
e0188,100,257,profile_choice,0.333333333333,0.0168503219754,0.0230740204224,0.0814330426175,0.010566247155,0.0630160841707,0.0524498370157
e0189,101,281,forced,1,0.0625,0.0683797662522,0.193902439024,0.0647963988362,0.0456295766511,-0.0191668221851
e0190,102,284,forced,1,0.0510803964759,0.0500612507599,0.140529235908,0.0333782767878,0.181128473757,0.147750196969
e0191,103,13,profile_choice,0.5,0.0457556707422,0.0473870477698,0.0241449532069,0.0460174948,0.0438321883625,-0.0021853064375
e0192,103,287,profile_choice,0.5,0.0457556707422,0.0473870477698,0.0241449532069,0.0460174948,0.0438321883625,-0.0021853064375
e0193,104,26,profile_choice,0.5,0.0337006439508,0.0369273178514,0.0711526293403,0.0207417463133,0.128902786469,0.108161040156
e0194,104,100,profile_choice,0.5,0.0337006439508,0.0369273178514,0.0711526293403,0.0211324943101,0.126032168341,0.104899674031
e0195,105,298,kai,0.5,0.136768359375,0.145164751686,0.100283641215,0.141888419878,0.0991539925221,-0.0427344273559
e0196,105,335,kai,0.5,0.136768359375,0.145164751686,0.100283641215,0.14548128107,0.072759148397,-0.072722132673
e0197,106,263,profile_choice,0.5,0.0757458860016,0.0768302666965,0.0463659025859,0.0700482408833,0.117603460446,0.0475552195627
e0198,106,334,profile_choice,0.5,0.0757458860016,0.0768302666965,0.0463659025859,0.0801542808488,0.0433597489806,-0.0367945318682
e0199,107,23,forced,1,0.00842516098769,0.00796970509677,0.0183566671417,0.00489237558078,0.0343786602131,0.0294862846323
e0200,108,Death,outcome,1,0.025062344025,0.0328330155243,0.0585351312529,0.0284738255546,0,-0.0284738255546
e0201,109,164,profile_choice,0.5,8.52678517055e-06,1.04972443525e-05,3.67317565675e-05,4.30613368434e-06,3.95336713698e-05,3.52275376855e-05
e0202,109,308,profile_choice,0.5,8.52678517055e-06,1.04972443525e-05,3.67317565675e-05,4.30613368434e-06,3.95336713698e-05,3.52275376855e-05
e0203,110,55,forced,1,0.01875,0.015250352328,0.0257142857143,0.0197500952271,0.0114028312051,-0.008347264022
e0204,111,57,profile_choice,0.5,5.11607110233e-05,5.60264787893e-05,0.000183460520126,2.5836802106e-05,0.000237202028219,0.000211365226113
e0205,111,308,profile_choice,0.5,5.11607110233e-05,4.90538170655e-05,0.000224575581455,2.5836802106e-05,0.000237202028219,0.000211365226113
e0206,112,33,profile_choice,0.4165,0.0108941757422,0.0103710826063,0.0311879728491,0.0111340864055,0.00913167944018,-0.00200240696532
e0207,112,248,profile_choice,0.4165,0.0108941757422,0.0070189642479,0.0139025174988,0.0111340864055,0.00913167944018,-0.00200240696532
e0208,112,Death,combat,0.167,0.00436813289062,0.00348635993356,0.00650421258846,0.00496272231371,0,-0.00496272231371
e0209,113,347,profile_choice,0.5,0.0440714000781,0.0424416869397,0.0486039712986,0.044323586367,0.0422187212709,-0.0021048650961
e0210,113,295,profile_choice,0.5,0.0440714000781,0.0424416869397,0.0486039712986,0.0471969885451,0.0211093606354,-0.0260876279097
e0211,114,239,forced,1,0.00867171481766,0.00773679629178,0.0206682595263,0.00483630227651,0.0368484549676,0.0320121526911
e0212,115,150,profile_choice,0.333333333333,0.00898683838687,0.00699952654291,0.013605122182,0.00248255842812,0.0567703308518,0.0542877724237
e0213,115,177,profile_choice,0.333333333333,0.00898683838687,0.00766645054532,0.0164945442237,0.00248255842812,0.0567703308518,0.0542877724237
e0214,115,83,profile_choice,0.333333333333,0.00898683838687,0.0124447680101,0.0448397759881,0.00248255842812,0.0567703308518,0.0542877724237
e0215,116,321,forced,1,0.0101101931852,0.00815445729429,0.0166671951406,0.00331833248199,0.0600063887357,0.0566880562537
e0216,117,330,forced,1,0.0434787062988,0.037124871655,0.0292590357996,0.043727501063,0.0416509432238,-0.0020765578392
e0217,118,224,forced,1,0.0140885014785,0.0121021691574,0.0339669073311,0.0071148703251,0.0653200680448,0.0582051977197
e0218,119,226,profile_choice,0.5,0.026495703125,0.0253204472044,0.0428416278229,0.0275110613505,0.0190364051822,-0.0084746561683
e0219,119,38,profile_choice,0.5,0.026495703125,0.020257257694,0.0280813447293,0.0267915626335,0.0243221803544,-0.0024693822791
e0220,120,84,profile_choice,0.333333333333,0.0159257127416,0.0118174383033,0.0237925566653,0.00930155189348,0.0645899064693,0.0552883545758
e0221,120,171,profile_choice,0.333333333333,0.0159257127416,0.0100283406053,0.018358381931,0.00930155189348,0.0645899064693,0.0552883545758
e0222,120,54,profile_choice,0.333333333333,0.0159257127416,0.0118174383033,0.0237925566653,0.0180935177485,0,-0.0180935177485
e0223,121,342,profile_choice,0.333333333333,0.0683841796875,0.0656603718018,0.0533643281971,0.0702646501544,0.0545693612978,-0.0156952888566
e0224,121,309,profile_choice,0.333333333333,0.0683841796875,0.0771980731583,0.151459916797,0.0776926212955,0,-0.0776926212955
e0225,121,283,profile_choice,0.333333333333,0.0683841796875,0.0748886825691,0.137349094076,0.0702646501544,0.0545693612978,-0.0156952888566
e0226,122,206,forced,1,5.11607110233e-05,5.25401479274e-05,0.000183460520126,2.5836802106e-05,0.000237202028219,0.000211365226113
e0227,123,304,profile_choice,0.5,0.0569640216797,0.0517688921496,0.0874549234574,0.0572899823981,0.0545693612978,-0.0027206211003
e0228,123,2,profile_choice,0.5,0.0569640216797,0.0653084701414,0.1680147825,0.0572899823981,0.0545693612978,-0.0027206211003
e0229,124,211,profile_choice,0.5,0.00193166788737,0.00386857505132,0.0129086951054,0.00195015087192,0.00179588321044,-0.00015426766148
e0230,124,106,profile_choice,0.5,0.00193166788737,0.00144012756561,0.00309467689072,0.00191522868863,0.00205243795478,0.00013720926615
e0231,125,301,kai,0.5,0.0694166666667,0.0694166666668,0.0833000000003,0.0686018208218,0.0754029065789,0.0068010857571
e0232,125,27,profile_choice,0.25,0.0347083333333,0.0347083333333,0.04165,0.0343009104109,0.0377014532894,0.0034005428785
e0233,125,214,profile_choice,0.25,0.0347083333333,0.0347083333333,0.04165,0.0343009104109,0.0377014532894,0.0034005428785
e0234,126,46,profile_choice,0.5,0.0180990656252,0.0163478719983,0.0437959167783,0.0116067759146,0.0657944721012,0.0541876961866
e0235,126,143,profile_choice,0.5,0.0180990656252,0.0142855676312,0.0424103462855,0.00914025562797,0.0839146874482,0.0747744318202
e0236,127,Death,outcome,1,0.0189364715004,0.0212557740912,0.0422760834505,0.0215141004203,0,-0.0215141004203
e0237,128,297,kai,0.5,0.0237199707031,0.0202536124686,0.0159623763228,0.0238557016165,0.0227228277271,-0.0011328738894
e0238,128,336,kai,0.5,0.0237199707031,0.0202536124686,0.0159623763228,0.0243722371277,0.0189281154967,-0.005444121631
e0239,129,3,profile_choice,0.5,0.0723946965185,0.100852140013,0.276101203744,0.0203666878067,0.454616860696,0.434250172889
e0240,129,144,profile_choice,0.5,0.0723946965185,0.0639827540757,0.0780767543773,0.0271555837423,0.40474244572,0.377586861978
e0241,130,28,profile_choice,0.5,0.186600978585,0.184714574694,0.029767811343,0.171097679051,0.300495491299,0.129397812248
e0242,130,201,profile_choice,0.5,0.186600978585,0.184714574694,0.029767811343,0.171345244629,0.298676758403,0.127331513774
e0243,131,241,profile_choice,0.25,0.0625,0.0683797662522,0.193902439024,0.0647963988362,0.0456295766511,-0.0191668221851
e0244,131,55,profile_choice,0.25,0.0625,0.0624059597355,0.146703296703,0.0658336507568,0.0380094373504,-0.0278242134064
e0245,131,302,profile_choice,0.25,0.0625,0.0508345077601,0.0857142857143,0.0651075744124,0.0433435348609,-0.0217640395515
e0246,131,101,profile_choice,0.25,0.0625,0.0683797662522,0.193902439024,0.0647963988362,0.0456295766511,-0.0191668221851
e0247,132,64,forced,1,0.0440504051226,0.0502225171105,0.129377705427,0.0277545673775,0.163767275405,0.136012708027
e0248,133,266,combat,0.833,0.0210544773082,0.0279781153935,0.087334224389,0.0122260465764,0.0859122718727,0.0736862252963
e0249,133,Death,combat,0.167,0.00422100565483,0.00560905794803,0.0175087820803,0.0047955681464,0,-0.0047955681464
e0250,134,305,profile_choice,0.5,0.0683841796875,0.0635707611933,0.0473132142857,0.071842425237,0.0429782852298,-0.0288641400072
e0251,134,40,profile_choice,0.5,0.0683841796875,0.0815939904929,0.141663285385,0.071842425237,0.0429782852298,-0.0288641400072
e0252,135,223,profile_choice,0.5,0.0359473535475,0.035339667806,0.0795931181523,0.0130110183662,0.204448433799,0.191437415433
e0253,135,4,profile_choice,0.5,0.0359473535475,0.0520524075647,0.167915427827,0.0136172698036,0.199994626279,0.186377356475
e0254,136,313,combat,0.833,0.0155631082031,0.0224454312078,0.0639516386634,0.0159058377222,0.0130452563431,-0.0028605813791
e0255,136,Death,combat,0.167,0.00312009492187,0.0044998643598,0.0128210368029,0.00354480165265,0,-0.00354480165265
e0256,137,23,forced,1,0.00350907955137,0.00409107213884,0.00954811432696,0.00203767442939,0.0143187119788,0.0122810375494
e0257,138,291,combat,0.833,0.0520625,0.0520625,0.062475,0.0546953444641,0.0327203892041,-0.02197495526
e0258,138,Death,combat,0.167,0.0104375,0.0104375,0.012525,0.0118582505263,0,-0.0118582505263
e0259,139,66,forced,1,0.082553602494,0.101345051987,0.179657687457,0,0.689031101579,0.689031101579
e0260,140,14,profile_choice,0.25,0.04101171875,0.0387585440053,0.0111469958847,0.0409489368188,0.0414729442749,0.0005240074561
e0261,140,252,profile_choice,0.25,0.04101171875,0.0387585440053,0.0111469958847,0.0378193163632,0.0644646045976,0.0266452882344
e0262,140,215,profile_choice,0.25,0.04101171875,0.0387585440053,0.0111469958847,0.0409489368188,0.0414729442749,0.0005240074561
e0263,140,36,profile_choice,0.25,0.04101171875,0.0499809454654,0.116346975308,0.0399057300002,0.0491368310492,0.009231101049
e0264,141,56,profile_choice,0.5,0.25,0.25,0,0.233719293784,0.36960570697,0.135886413186
e0265,141,333,profile_choice,0.5,0.25,0.25,0,0.260534022841,0.172612125513,-0.087921897328
e0266,142,58,profile_choice,0.333333333333,0.0510803964759,0.048639681086,0.117631236176,0.025091344897,0.242008163757,0.21691681886
e0267,142,135,profile_choice,0.333333333333,0.0510803964759,0.0719577693794,0.242180256116,0.0189191050656,0.287352333649,0.268433228583
e0268,142,102,profile_choice,0.333333333333,0.0510803964759,0.0500612507599,0.140529235908,0.0333782767878,0.181128473757,0.147750196969
e0269,143,149,forced,1,0.0180990656252,0.0142855676312,0.0424103462855,0.00914025562797,0.0839146874482,0.0747744318202
e0270,144,63,profile_choice,0.5,0.0633453594537,0.0623595376938,0.13974030513,0.021011033603,0.374353180939,0.353342147336
e0271,144,217,profile_choice,0.5,0.0633453594537,0.0893419241057,0.211906411709,0.0265112379461,0.333946099071,0.307434861125
e0272,145,165,forced,1,0.0168503219754,0.0163797263094,0.0261754282403,0,0.140640693584,0.140640693584
e0273,146,154,forced,1,0.0789921031104,0.0884785109466,0.205169338326,0.0897444932488,0,-0.0897444932488
e0274,147,42,profile_choice,0.5,0.163341192739,0.162619704105,0.046059445665,0.149553670757,0.264630798489,0.115077127732
e0275,147,28,profile_choice,0.5,0.163341192739,0.162619704105,0.046059445665,0.149770377321,0.263038770395,0.113268393074
e0276,148,81,profile_choice,0.333333333333,0.0512901183373,0.0341879672988,0.0893313001167,0.042863763412,0.113194075368,0.070330311956
e0277,148,320,profile_choice,0.333333333333,0.0512901183373,0.0422035451098,0.110589488433,0.0479033901691,0.0761706125553,0.0282672223862
e0278,148,199,profile_choice,0.333333333333,0.0512901183373,0.0355642106938,0.0851752103406,0.042863763412,0.113194075368,0.070330311956
e0279,149,256,forced,1,0.0482521089567,0.0548732927672,0.122529978559,0.0243679215042,0.223716556737,0.199348635233
e0280,150,83,forced,1,0.00898683838687,0.00699952654291,0.013605122182,0.00248255842812,0.0567703308518,0.0542877724237
e0281,151,87,kai,0.5,0.00780959766303,0.0107559351582,0.0308920742125,0.00256323901252,0.0463518099656,0.0437885709531
e0282,151,337,profile_choice,0.5,0.00780959766303,0.0107559351582,0.0308920742125,0.00571793881634,0.0231759049828,0.0174579661665
e0283,152,49,profile_choice,0.5,0.00791816993171,0.0067667457991,0.0211566136039,0.00643814872189,0.0187911001832,0.0123529514613
e0284,152,231,profile_choice,0.5,0.00791816993171,0.005101866619,0.00750047884599,0.00388030771824,0.0375822003664,0.0337018926482
e0285,153,202,profile_choice,0.333333333333,0.0208143106191,0.0238428009236,0.0950816494334,0.0102242559292,0.0986138213544,0.0883895654252
e0286,153,135,profile_choice,0.333333333333,0.0208143106191,0.0154343059912,0.0427364400497,0.00770918310425,0.11709072643,0.109381543326
e0287,153,329,profile_choice,0.333333333333,0.0208143106191,0.0278034353057,0.114216771329,0.0136010264,0.073806481054,0.060205454654
e0288,154,Death,outcome,1,0.0789921031104,0.0884785109466,0.205169338326,0.0897444932488,0,-0.0897444932488
e0289,155,70,forced,1,0.161130859375,0.148404837879,0.138544164609,0.148588236053,0.253274855448,0.104686619395
e0290,156,294,profile_choice,0.5,0.00935754547033,0.0117596080299,0.0737522450331,0.00307130106388,0.0555392464631,0.0524679453992
e0291,156,245,profile_choice,0.5,0.00935754547033,0.0117596080299,0.0737522450331,0.00307130106388,0.0555392464631,0.0524679453992
e0292,157,30,profile_choice,0.5,0.248227309479,0.25198348125,0.18229206352,0.22857544391,0.392599134849,0.164023690939
e0293,157,167,profile_choice,0.5,0.248227309479,0.259240688361,0.262633210381,0.231836658641,0.368640721234,0.136804062593
e0294,158,106,forced,1,0.000724375457764,0.00143513337496,0.00548490608852,0.000718210758236,0.000769664233044,5.1453474808e-05
e0295,159,191,profile_choice,0.5,0.00550630064032,0.00868885448555,0.0329950294037,0.00567552938362,0.00426306688788,-0.00141246249574
e0296,159,234,profile_choice,0.5,0.00550630064032,0.00868885448555,0.0329950294037,0.00625581724227,0,-0.00625581724227
e0297,160,286,random,0.5,0.0179736767737,0.0205974264958,0.0507220923671,0.0204202502575,0,-0.0204202502575
e0298,160,10,random,0.5,0.0179736767737,0.0205974264958,0.0507220923671,0.00496511685625,0.113540661704,0.108575544848
e0299,161,209,forced,1,0.0252754829631,0.0224752551305,0.0315289320187,0.0146771267423,0.103135980639,0.0884588538967
e0300,162,258,kai,0.5,0.0189364715004,0.0212557740912,0.0422760834505,0.0195467268095,0.0144532496602,-0.0050934771493
e0301,162,127,kai,0.5,0.0189364715004,0.0212557740912,0.0422760834505,0.0215141004203,0,-0.0215141004203
e0302,163,321,forced,1,0.0224670959672,0.0381664557245,0.170608194882,0.00737407218219,0.133347530524,0.125973458342
e0303,164,308,forced,1,2.55803555117e-05,3.14917330574e-05,0.000110195269702,1.2918401053e-05,0.000118601014109,0.000105682613056
e0304,165,212,forced,1,0.0168503219754,0.0163797263094,0.0261754282403,0,0.140640693584,0.140640693584
e0305,166,104,forced,1,0.00898683838687,0.00802010072564,0.0188498501089,0.00558323208312,0.0339913273081,0.028408095225
e0306,167,178,kai,0.5,0.131823359037,0.137366137865,0.134894630128,0.123118955582,0.195769991033,0.072651035451
e0307,167,88,profile_choice,0.25,0.0659116795185,0.0574374687299,0.0577556684237,0.0615594777908,0.0978849955163,0.0363255177255
e0308,167,264,profile_choice,0.25,0.0659116795185,0.0799286691347,0.184800828644,0.0615594777908,0.0978849955163,0.0363255177255
e0309,168,64,forced,1,0.132151215368,0.142209438408,0.299314731722,0.0832637021326,0.491301826214,0.408038124081
e0310,169,137,combat,0.4165,0.00350907955137,0.00409107213884,0.00954811432696,0.00203767442939,0.0143187119788,0.0122810375494
e0311,169,23,escape,0.5,0.00421258049384,0.00491125106703,0.0114623221211,0.00244618779039,0.0171893301066,0.0147431423162
e0312,169,Death,combat,0.0835,0.000703500942472,0.000820178928195,0.00191420779423,0.000799261357733,0,-0.000799261357733
e0313,170,319,combat,0.833,0.216836710704,0.231630848114,0.161419766265,0.201094404349,0.332487079677,0.131392675328
e0314,170,Death,combat,0.167,0.0434714654113,0.0464373969207,0.0323614657459,0.0493887930629,0,-0.0493887930629
e0315,171,303,forced,1,0.0637028509663,0.0493983917086,0.121229097115,0.0372062075739,0.258359625877,0.221153418303
e0316,172,114,kai,0.5,0.00188456520822,0.00218046333081,0.00745235085527,0.00105104090695,0.0080080258252,0.00695698491825
e0317,172,239,profile_choice,0.25,0.00094228260411,0.000627950524679,0.00203865198635,0.000525520453474,0.0040040129126,0.00347849245913
e0318,172,29,profile_choice,0.25,0.00094228260411,0.00155251280614,0.00663262386882,0.000759290362229,0.00228662947518,0.00152733911295
e0319,173,158,state_condition,0.5,0.000724375457764,0.00143513337496,0.00548490608852,0.000718210758236,0.000769664233044,5.1453474808e-05
e0320,173,259,state_condition,0.5,0.000724375457764,0.00143513337496,0.00548490608852,0.000822977308099,0,-0.000822977308099
e0321,174,190,forced,1,0.0168503219754,0.012836809339,0.0194011061137,0.00553055413664,0.100010647893,0.0944800937564
e0322,175,182,kai,0.5,0.0134802575803,0.0104956333166,0.0180341506272,0.00442444330931,0.0800085183142,0.0755840750049
e0323,175,41,profile_choice,0.25,0.00674012879015,0.00468235204469,0.00946016891104,0.00221222165466,0.0400042591571,0.0377920375024
e0324,175,116,profile_choice,0.25,0.00674012879015,0.00581328127195,0.0164752902805,0.00221222165466,0.0400042591571,0.0377920375024
e0325,176,253,profile_choice,0.5,0.0197480257776,0.0167139635324,0.0666257409669,0.0120543426183,0.0762694322361,0.0642150896178
e0326,176,126,profile_choice,0.5,0.0197480257776,0.0171519051999,0.0759201325947,0.0113186205906,0.0816743914618,0.0703557708712
e0327,177,83,forced,1,0.00898683838687,0.00766645054532,0.0164945442237,0.00248255842812,0.0567703308518,0.0542877724237
e0328,178,88,profile_choice,0.5,0.0659116795185,0.0599037561636,0.108128550243,0.0615594777908,0.0978849955163,0.0363255177255
e0329,178,264,profile_choice,0.5,0.0659116795185,0.077462381701,0.200579452318,0.0615594777908,0.0978849955163,0.0363255177255
e0330,179,318,profile_choice,0.5,0.0177374914274,0.0101969489645,0.0158501082939,0.00582173781194,0.105276208504,0.0994544706921
e0331,179,51,profile_choice,0.5,0.0177374914274,0.0192416716464,0.0589552618236,0.00582173781194,0.105276208504,0.0994544706921
e0332,180,62,combat,0.4165,0.0168435818466,0.0159316272115,0.0189155101863,0.00552834191499,0.0999706436336,0.0944423017186
e0333,180,22,escape,0.5,0.0202203863705,0.019125602895,0.0227076953017,0.00331833248199,0.144390804886,0.141072472404
e0334,180,Death,combat,0.0835,0.00337680452387,0.00319397568346,0.00379218511538,0.00383645451712,0,-0.00383645451712
e0335,181,288,forced,1,0.0168503219754,0.0163797263094,0.0261754282403,0.00553055413664,0.100010647893,0.0944800937564
e0336,182,174,forced,1,0.0134802575803,0.0104956333166,0.0180341506272,0.00442444330931,0.0800085183142,0.0755840750049
e0337,183,97,profile_choice,0.5,0.0881008102452,0.0720531476053,0.169550715497,0.0909399868674,0.0672428866018,-0.0236971002656
e0338,183,200,profile_choice,0.5,0.0881008102452,0.0719322588811,0.178833840148,0.0678558677413,0.236829657054,0.168973789313
e0339,184,64,forced,1,0.0149069324085,0.0144797396868,0.0299913248646,0.00939231906661,0.0554198695425,0.0460275504759
e0340,185,Death,outcome,1,0.0220357000391,0.0245159944355,0.0583297880684,0.0250351953616,0,-0.0250351953616
e0341,186,106,forced,1,0.0455546875,0.0584061540981,0.142372222222,0.0451670004829,0.0484028182353,0.0032358177524
e0342,187,186,profile_choice,0.5,0.0065078125,0.00427363094993,0.0130122222222,0.00645242864041,0.00691468831933,0.00046225967892
e0343,187,228,profile_choice,0.5,0.0065078125,0.00588366071673,0.0184022222222,0.00641508119442,0.00718906018144,0.00077397898702
e0344,188,303,forced,1,0.111479989191,0.145695865194,0.390001079885,0.0651108632544,0.452129345285,0.387018482031
e0345,189,118,forced,1,0.00216706153293,0.00244186533984,0.00777100685319,0.00109439331194,0.0100473855934,0.00895299228146
e0346,190,20,profile_choice,0.5,0.0149754428169,0.00948409168487,0.0178769140828,0.00491518781304,0.0888827964706,0.0839676086576
e0347,190,273,profile_choice,0.5,0.0149754428169,0.0198161688959,0.110620940998,0.00491518781304,0.0888827964706,0.0839676086576
e0348,191,24,combat,0.4165,0.00688012265008,0.00935307334703,0.0307553608112,0.00607578006825,0.0127892006636,0.00671342059535
e0349,191,234,escape,0.5,0.00825945096048,0.0112281792881,0.036921201454,0.00938372586341,0,-0.00938372586341
e0350,191,Death,combat,0.0835,0.0013793283104,0.00187510594112,0.00616584064282,0.00156708221919,0,-0.00156708221919
e0351,192,171,profile_choice,0.5,0.0477771382247,0.0393700511034,0.105511036515,0.0279046556804,0.193769719408,0.165865063728
e0352,192,120,profile_choice,0.5,0.0477771382247,0.0336632172118,0.0578975091094,0.0366966215355,0.129179812939,0.0924831914035
e0353,193,253,profile_choice,0.5,0.0164501054727,0.0320107965349,0.130796120716,0.0100412674011,0.0635324370527,0.0534911696516
e0354,193,126,profile_choice,0.5,0.0164501054727,0.0134815344296,0.045206237433,0.00942841095195,0.0680347680877,0.0586063571357
e0355,194,208,profile_choice,0.5,0.0839445471969,0.123551180199,0.367393479763,0.0789452779251,0.120671524986,0.0417262470609
e0356,194,148,profile_choice,0.5,0.0839445471969,0.0564465757574,0.0915232994188,0.0729028461501,0.165062063988,0.0921592178379
e0357,195,59,profile_choice,0.5,0.0115900073242,0.0121878944337,0.0317903309053,0.0115961386816,0.0115449634957,-5.11751859e-05
e0358,195,106,profile_choice,0.5,0.0115900073242,0.00786789853583,0.00907468657404,0.0114913721318,0.0123146277287,0.0008232555969
e0359,196,332,profile_choice,0.5,0.0180986741296,0.0131334322895,0.0283964652345,0,0.151060026406,0.151060026406
e0360,196,144,profile_choice,0.5,0.0180986741296,0.0184022215329,0.044176192599,0.00678889593558,0.10118561143,0.0943967154944
e0361,197,172,forced,1,0.00376913041644,0.00436092666163,0.0149047017105,0.00233585172265,0.014298668213,0.0119628164903
e0362,198,7,profile_choice,0.5,0.00791816993171,0.00761273910639,0.0218577296422,0.00269879691766,0.0462621330868,0.0435633361691
e0363,198,152,profile_choice,0.5,0.00791816993171,0.00568536969758,0.0135131245559,0.00515922822006,0.0281866502748,0.0230274220547
e0364,199,81,forced,1,0.0512901183373,0.0355642106938,0.0851752103406,0.042863763412,0.113194075368,0.070330311956
e0365,200,168,kai,0.5,0.132151215368,0.142209438408,0.299314731722,0.0832637021326,0.491301826214,0.408038124081
e0366,200,78,profile_choice,0.5,0.132151215368,0.142209438408,0.299314731722,0.120303901091,0.219187144947,0.098883243856
e0367,201,238,profile_choice,0.333333333333,0.0742222379806,0.0733666460812,0.0095760193341,0.068075353747,0.119380133754,0.051304780007
e0368,201,15,profile_choice,0.333333333333,0.0742222379806,0.0733666460812,0.0095760193341,0.0682821438179,0.117860956865,0.0495788130471
e0369,201,130,profile_choice,0.333333333333,0.0742222379806,0.0733666460812,0.0095760193341,0.0681048951857,0.119163108484,0.0510582132983
e0370,202,58,forced,1,0.0208143106191,0.0238428009236,0.0950816494334,0.0102242559292,0.0986138213544,0.0883895654252
e0371,203,80,state_condition,0.5,0.00123671916621,0.000883525564869,0.00160552812823,0.000421518343577,0.0072255669115,0.00680404856792
e0372,203,344,state_condition,0.5,0.00123671916621,0.000883525564869,0.00160552812823,0.00140506114526,0,-0.00140506114526
e0373,204,111,forced,1,5.11607110233e-05,5.25401479274e-05,0.000183460520126,2.5836802106e-05,0.000237202028219,0.000211365226113
e0374,205,181,random,0.5,0.00449341919343,0.00480136217611,0.0107620468134,0.00147481443644,0.0266695061047,0.0251946916683
e0375,205,145,random,0.5,0.00449341919343,0.00480136217611,0.0107620468134,0,0.0375041849559,0.0375041849559
e0376,206,224,forced,1,0.000102321422047,0.000105080295855,0.000366921040252,5.16736042121e-05,0.000474404056437,0.000422730452225
e0377,207,30,forced,1,0.0875508793081,0.0862623144679,0.0052864954745,0.0806195786617,0.138471466108,0.0578518874463
e0378,208,148,profile_choice,0.4165,0.069925807815,0.055509147345,0.112599009549,0.060728070843,0.137496699302,0.076768628459
e0379,208,320,profile_choice,0.4165,0.069925807815,0.0944289833664,0.258350014605,0.0653085499359,0.103846350669,0.0385378007331
e0380,208,Death,combat,0.167,0.0280374787638,0.0300596252447,0.0629553561812,0.0318539350713,0,-0.0318539350713
e0381,209,23,forced,1,0.0463299602713,0.0504533705239,0.104195444117,0.0269031733187,0.189048252512,0.162145079193
e0382,210,332,profile_choice,0.5,0.00230854244359,0.00213393552875,0.00536616400478,0,0.0192681784307,0.0192681784307
e0383,210,37,profile_choice,0.5,0.00230854244359,0.00329386994066,0.0153731425153,0,0.0192681784307,0.0192681784307
e0384,211,244,kai,0.5,0.00289750183105,0.00409701467815,0.0136477986581,0.00287284303295,0.00307865693218,0.00020581389923
e0385,211,173,profile_choice,0.25,0.00144875091553,0.00287026674992,0.0109698121771,0.00154118806634,0.000769664233044,-0.000771523833296
e0386,211,106,profile_choice,0.25,0.00144875091553,0.00122674792823,0.00299553871803,0.00143642151647,0.00153932846609,0.00010290694962
e0387,212,350,forced,1,0.0168503219754,0.0163797263094,0.0261754282403,0,0.140640693584,0.140640693584
e0388,213,331,forced,1,0.332600888213,0.326464948665,0.115285545778,0.334504103984,0.318618972145,-0.015885131839
e0389,214,125,forced,1,0.0347083333333,0.0347083333333,0.04165,0.0343009104109,0.0377014532894,0.0034005428785
e0390,215,346,profile_choice,0.5,0.0351484375,0.030463361463,0.0550000925926,0.0350946312501,0.035543723458,0.0004490922079
e0391,215,14,profile_choice,0.5,0.0351484375,0.0314883964283,0.0471942027984,0.0350946312501,0.035543723458,0.0004490922079
e0392,216,264,forced,1,0.0659116795185,0.0586706124468,0.0711430614402,0.0615594777908,0.0978849955163,0.0363255177255
e0393,217,91,profile_choice,0.5,0.0316726797268,0.0265962176079,0.0473872629772,0.0157160502754,0.148897566723,0.133181516448
e0394,217,7,profile_choice,0.5,0.0316726797268,0.0627457064978,0.187936186871,0.0107951876706,0.185048532347,0.174253344676
e0395,218,75,forced,1,0.0179736767737,0.0260262037823,0.0839577139137,0.00711176062048,0.09777040938,0.0906586487595
e0396,219,Death,outcome,1,0.0195239941576,0.017578796676,0.0206285897965,0.0221815965504,0,-0.0221815965504
e0397,220,24,combat,0.4165,0.0229337421669,0.0196064060265,0.0440780808487,0.0202526002275,0.0426306688788,0.0223780686513
e0398,220,234,escape,0.5,0.0275315032016,0.0235371020727,0.0529148629635,0.0312790862114,0,-0.0312790862114
e0399,220,Death,combat,0.0835,0.00459776103467,0.00393069604613,0.00883678211491,0.0052236073973,0,-0.0052236073973
e0400,221,318,forced,1,0.0252026053205,0.044460804491,0.188460232641,0.00827191155832,0.149583425787,0.141311514229
e0401,222,67,kai,0.5,0.1875,0.1875,0.075,0.172904770496,0.294723404199,0.121818633703
e0402,222,140,profile_choice,0.25,0.09375,0.09375,0.0375,0.0912217849325,0.112323454156,0.0211016692235
e0403,222,252,profile_choice,0.25,0.09375,0.09375,0.0375,0.0864523852479,0.1473617021,0.0609093168521
e0404,223,75,profile_choice,0.5,0.0179736767737,0.022011706442,0.067166171131,0.00711176062048,0.09777040938,0.0906586487595
e0405,223,175,profile_choice,0.5,0.0179736767737,0.013327961364,0.0232696060342,0.00589925774575,0.106678024419,0.100778766673
e0406,224,153,forced,1,0.0624429318572,0.0670805422205,0.147124585309,0.0315344654335,0.289511028838,0.257976563405
e0407,225,187,profile_choice,0.5,0.013015625,0.0101572916667,0.0267866666667,0.0128675098348,0.0141037485008,0.001236238666
e0408,225,39,profile_choice,0.5,0.013015625,0.0107289583333,0.0312375,0.0128301623888,0.0143781203629,0.0015479579741
e0409,226,277,random,0.5,0.0132478515625,0.0126602236022,0.0214208139114,0.0137555306752,0.00951820259108,-0.00423732808412
e0410,226,338,random,0.5,0.0132478515625,0.0126602236022,0.0214208139114,0.0137555306752,0.00951820259108,-0.00423732808412
e0411,227,271,combat,0.4165,3.00860376155e-05,4.11936893105e-05,0.000138819144967,3.41813433667e-05,0,-3.41813433667e-05
e0412,227,348,combat,0.4165,3.00860376155e-05,4.11936893105e-05,0.000138819144967,1.51938271474e-05,0.000139491203322,0.000124297376175
e0413,227,Death,combat,0.167,1.20633092e-05,1.65170374906e-05,5.56609776938e-05,1.37053645672e-05,0,-1.37053645672e-05
e0414,228,140,profile_choice,0.5,0.02928515625,0.0225256320159,0.0476691358025,0.0284954050683,0.0350870389919,0.0065916339236
e0415,228,215,profile_choice,0.5,0.02928515625,0.023193213886,0.050149382716,0.0292403256815,0.0296145026411,0.0003741769596
e0416,229,267,profile_choice,0.4165,0.0520625,0.062036832211,0.16028939394,0.0514513656163,0.0565521799342,0.0051008143179
e0417,229,125,profile_choice,0.4165,0.0520625,0.042088167789,0.106018181819,0.0514513656163,0.0565521799342,0.0051008143179
e0418,229,Death,combat,0.167,0.020875,0.020875,0.02505,0.0237165010527,0,-0.0237165010527
e0419,230,179,forced,1,0.0028072636411,0.00352788240896,0.0221256735099,0.000921390319165,0.0166617739389,0.0157403836197
e0420,231,94,combat,0.20825,0.00164895888828,0.00106246372341,0.00156197471968,0.000562024458103,0.00963408921534,0.00907206475724
e0421,231,203,combat,0.20825,0.00164895888828,0.00106246372341,0.00156197471968,0.00121771965922,0.00481704460767,0.00359932494845
e0422,231,7,escape,0.5,0.00395908496586,0.0025509333095,0.00375023942299,0.00134939845883,0.0231310665434,0.0217816680846
e0423,231,Death,combat,0.0835,0.000661167189298,0.000426005862687,0.00062628998364,0.000751165142082,0,-0.000751165142082
e0424,232,180,profile_choice,0.5,0.00449341919343,0.00327385583199,0.00585906046119,0.00140923654601,0.0271512720578,0.0257420355118
e0425,232,22,profile_choice,0.5,0.00449341919343,0.00403112537159,0.00966196418814,0.000737407218219,0.0320868455303,0.0313494383121
e0426,233,206,forced,1,5.11607110233e-05,5.25401479274e-05,0.000183460520126,2.5836802106e-05,0.000237202028219,0.000211365226113
e0427,234,Death,outcome,1,0.0672167884916,0.0717013796239,0.170559351712,0.0763663250307,0,-0.0763663250307
e0428,235,254,kai,0.5,0.0789921031104,0.0884785109466,0.205169338326,0.0700403999985,0.144755514419,0.0747151144205
e0429,235,32,profile_choice,0.25,0.0394960515552,0.0442392554733,0.102584669163,0.0251681533741,0.144755514419,0.119587361045
e0430,235,146,profile_choice,0.25,0.0394960515552,0.0442392554733,0.102584669163,0.0448722466244,0,-0.0448722466244
e0431,236,104,forced,1,0.00449341919343,0.00401005036282,0.00942492505445,0.00279161604156,0.016995663654,0.0142040476124
e0432,237,265,random,0.5,0.0437957100393,0.0487735642256,0.107079007869,0.0221173840384,0.203054864579,0.180937480541
e0433,237,72,random,0.5,0.0437957100393,0.0487735642256,0.107079007869,0.02673322893,0.169144702194,0.142411473264
e0434,238,42,profile_choice,0.5,0.0679499361794,0.069754106417,0.0644305866668,0.0622143270351,0.110086412172,0.0478720851369
e0435,238,68,profile_choice,0.5,0.0679499361794,0.0655788891367,0.0272419198587,0.0624306868678,0.108496931322,0.0460662444542
e0436,239,34,profile_choice,0.5,0.00650378611324,0.00555451384604,0.0128577721837,0.00396995968146,0.0251184639836,0.0211485043021
e0437,239,118,profile_choice,0.5,0.00650378611324,0.00503339378385,0.0200079460089,0.00328449373331,0.0301542184677,0.0268697247344
e0438,240,79,forced,1,5.11607110233e-05,5.25401479274e-05,0.000183460520126,2.5836802106e-05,0.000237202028219,0.000211365226113
e0439,241,349,forced,1,0.0625,0.0683797662522,0.193902439024,0.0647963988362,0.0456295766511,-0.0191668221851
e0440,242,166,kai,0.5,0.00898683838687,0.00802010072564,0.0188498501089,0.00558323208312,0.0339913273081,0.028408095225
e0441,242,9,kai,0.5,0.00898683838687,0.00802010072564,0.0188498501089,0.00789667860592,0.016995663654,0.00909898504808
e0442,243,97,forced,1,0.047341178751,0.0416824964123,0.0364403993295,0.0488668170238,0.0361331241505,-0.0127336928733
e0443,244,93,forced,1,0.00289750183105,0.00409701467815,0.0136477986581,0.00287284303295,0.00307865693218,0.00020581389923
e0444,245,190,forced,1,0.00935754547033,0.0117596080299,0.0737522450331,0.00307130106388,0.0555392464631,0.0524679453992
e0445,246,197,combat,0.833,0.00376913041644,0.00436092666163,0.0149047017105,0.00233585172265,0.014298668213,0.0119628164903
e0446,246,Death,combat,0.167,0.00075563598985,0.000874279414756,0.00298809746178,0.000858493017902,0,-0.000858493017902
e0447,247,159,profile_choice,0.5,0.0110126012806,0.0173777089711,0.0659900588076,0.0119313466259,0.00426306688788,-0.00766827973802
e0448,247,220,profile_choice,0.5,0.0110126012806,0.0101572992104,0.0459651162854,0.0113510587672,0.00852613377576,-0.00282492499144
e0449,248,44,profile_choice,0.5,0.0616470970312,0.0595629266749,0.0670758214071,0.0640095135616,0.0442916767241,-0.0197178368375
e0450,248,300,profile_choice,0.5,0.0616470970312,0.0595629266749,0.0670758214071,0.0619998553415,0.0590555689655,-0.002944286376
e0451,249,169,profile_choice,0.5,0.00842516098769,0.00982250213407,0.0229246442422,0.00528312357752,0.0315080420854,0.0262249185079
e0452,249,107,profile_choice,0.5,0.00842516098769,0.00796970509677,0.0183566671417,0.00489237558078,0.0343786602131,0.0294862846323
e0453,250,186,profile_choice,0.5,0.039046875,0.0541325231481,0.141283333333,0.0387145718425,0.041488129916,0.0027735580735
e0454,250,228,profile_choice,0.5,0.039046875,0.0291062268519,0.0236833333333,0.0384904871665,0.0431343610887,0.0046438739222
e0455,251,10,forced,1,0.0359473535475,0.031287629018,0.0638666029279,0.0099302337125,0.227081323407,0.217151089694
e0456,252,155,profile_choice,0.5,0.161130859375,0.148404837879,0.138544164609,0.148588236053,0.253274855448,0.104686619395
e0457,252,70,profile_choice,0.5,0.161130859375,0.171603706126,0.251396399177,0.148588236053,0.253274855448,0.104686619395
e0458,253,278,combat,0.833,0.0301530433315,0.040587725136,0.117515026113,0.0152276658762,0.139801869289,0.124574203413
e0459,253,Death,combat,0.167,0.0060450879188,0.00813703493124,0.023559435007,0.00686794414322,0,-0.00686794414322
e0460,254,32,profile_choice,0.5,0.0394960515552,0.0442392554733,0.102584669163,0.0251681533741,0.144755514419,0.119587361045
e0461,254,146,profile_choice,0.5,0.0394960515552,0.0442392554733,0.102584669163,0.0448722466244,0,-0.0448722466244
e0462,255,82,combat,0.833,0.157984206221,0.176957021893,0.410338676651,0.140080799997,0.289511028838,0.149430228841
e0463,255,Death,combat,0.167,0.0316727040082,0.0354763777384,0.0822647767118,0.0359839864887,0,-0.0359839864887
e0464,256,224,forced,1,0.0482521089567,0.0548732927672,0.122529978559,0.0243679215042,0.223716556737,0.199348635233
e0465,257,133,profile_choice,0.5,0.00842516098769,0.0152624538534,0.0658264000497,0.00567387157425,0.0286374239576,0.0229635523834
e0466,257,161,profile_choice,0.5,0.00842516098769,0.00781156656904,0.0156066425678,0.00489237558078,0.0343786602131,0.0294862846323
e0467,258,50,forced,1,0.0189364715004,0.0212557740912,0.0422760834505,0.0195467268095,0.0144532496602,-0.0050934771493
e0468,259,Death,outcome,1,0.000724375457764,0.00143513337496,0.00548490608852,0.000822977308099,0,-0.000822977308099
e0469,260,156,combat,0.833,0.0187150909407,0.0235192160597,0.147504490066,0.00614260212776,0.111078492926,0.104935890798
e0470,260,Death,combat,0.167,0.00375200502652,0.00471513695315,0.0295717285006,0.00426272724124,0,-0.00426272724124
e0471,261,208,profile_choice,0.5,0.0839445471969,0.0564465757574,0.0915232994188,0.0789452779251,0.120671524986,0.0417262470609
e0472,261,264,profile_choice,0.5,0.0839445471969,0.101801464005,0.261494808627,0.0784016205713,0.124665486997,0.0462638664257
e0473,262,191,profile_choice,0.5,0.0110126012806,0.0137675040907,0.0463426527144,0.0113510587672,0.00852613377576,-0.00282492499144
e0474,262,234,profile_choice,0.5,0.0110126012806,0.0137675040907,0.0463426527144,0.0125116344845,0,-0.0125116344845
e0475,263,70,profile_choice,0.5,0.0378729430008,0.0384151333482,0.0231829512928,0.0349248667603,0.0595308943372,0.0246060275769
e0476,263,157,profile_choice,0.5,0.0378729430008,0.0384151333482,0.0231829512928,0.035123374123,0.0580725661085,0.0229491919855
e0477,264,97,profile_choice,0.5,0.234403595712,0.241938009149,0.325967325854,0.241957592176,0.178908393256,-0.06304919892
e0478,264,6,profile_choice,0.5,0.234403595712,0.271228259061,0.584137090094,0.195893879664,0.517314039031,0.321420159367
e0479,265,142,forced,1,0.153241189428,0.170658701225,0.374669448532,0.0773887267503,0.710488971162,0.633100244412
e0480,266,209,forced,1,0.0210544773082,0.0279781153935,0.087334224389,0.0122260465764,0.0859122718727,0.0736862252963
e0481,267,125,forced,1,0.0520625,0.062036832211,0.16028939394,0.0514513656163,0.0565521799342,0.0051008143179
e0482,268,288,forced,1,0.0429527871466,0.0498466021506,0.107892137951,0.0140978145688,0.254934954811,0.240837140242
e0483,269,314,profile_choice,0.5,0.0263833422125,0.0268686179595,0.0776024494485,0,0.220207753493,0.220207753493
e0484,269,7,profile_choice,0.5,0.0263833422125,0.0250768769395,0.0441587429351,0.00899239132965,0.154145427445,0.145153036115
e0485,270,21,forced,1,0.00361176922155,0.0040697755664,0.0129516780887,0.00267117854749,0.0105217896499,0.00785061110241
e0486,271,Death,outcome,1,3.00860376155e-05,4.11936893105e-05,0.000138819144967,3.41813433667e-05,0,-3.41813433667e-05
e0487,272,134,kai,0.5,0.136768359375,0.145164751686,0.100283641215,0.143684850474,0.0859565704596,-0.0577282800144
e0488,272,305,kai,0.5,0.136768359375,0.145164751686,0.100283641215,0.143684850474,0.0859565704596,-0.0577282800144
e0489,273,179,profile_choice,0.5,0.0326677192137,0.0259107382019,0.0439074440583,0.0107220853047,0.19389064307,0.183168557765
e0490,273,51,profile_choice,0.5,0.0326677192137,0.0532383178067,0.185356510815,0.0107220853047,0.19389064307,0.183168557765
e0491,274,331,forced,1,0.00435879128906,0.00316695650633,0.00670743538353,0.0043837332559,0.00417555589758,-0.00020817735832
e0492,275,345,random,0.5,0.125,0.125,0,0.130917810371,0.0815249883088,-0.0493928220622
e0493,275,74,random,0.5,0.125,0.125,0,0.131349993827,0.0783499658552,-0.0530000279718
e0494,276,213,forced,1,0.0569640216797,0.0585386811455,0.0718098642988,0.0572899823981,0.0545693612978,-0.0027206211003
e0495,277,113,forced,1,0.0440714000781,0.0424416869397,0.0486039712986,0.0457602874561,0.0316640409531,-0.014096246503
e0496,278,149,forced,1,0.0301530433315,0.040587725136,0.117515026113,0.0152276658762,0.139801869289,0.124574203413
e0497,279,112,random,0.7,0.026156484375,0.0208764067878,0.0389473807692,0.0272308951248,0.0182633588804,-0.0089675362444
e0498,279,96,random,0.3,0.011209921875,0.00894703148047,0.0166917346154,0.0114567858743,0.00939634310428,-0.00206044277002
e0499,280,327,profile_choice,0.5,0.0867693920386,0.0589149901667,0.0738951461369,0.0985804252753,0,-0.0985804252753
e0500,280,170,profile_choice,0.5,0.0867693920386,0.115781337546,0.335629390318,0.0834943991372,0.110829026559,0.0273346274218
e0501,281,311,profile_choice,0.5,0.149465625,0.140686687615,0.141697714286,0.153855525896,0.117215353222,-0.036640172674
e0502,281,77,profile_choice,0.5,0.149465625,0.158844708271,0.229382373626,0.156059170097,0.101026348943,-0.055032821154
e0503,282,11,forced,1,0.00807989855257,0.00833704852144,0.025278696599,0,0.0674386245074,0.0674386245074
e0504,283,123,combat,0.833,0.0569640216797,0.0623822725801,0.114411795366,0.0572899823981,0.0545693612978,-0.0027206211003
e0505,283,Death,combat,0.167,0.0114201580078,0.012506409989,0.0229372987108,0.0129746677563,0,-0.0129746677563
e0506,284,71,forced,1,0.0718947070949,0.0778646860656,0.141004674788,0.0469793031878,0.254934954811,0.207955651623
e0507,285,325,forced,1,0.04375,0.0355841554321,0.06,0.0453574791853,0.0319407036558,-0.0134167755295
e0508,286,Death,outcome,1,0.0179736767737,0.0205974264958,0.0507220923671,0.0204202502575,0,-0.0204202502575
e0509,287,13,profile_choice,0.5,0.0228778353711,0.0255171791064,0.0454536626536,0.0230087474,0.0219160941813,-0.0010926532187
e0510,287,330,profile_choice,0.5,0.0228778353711,0.0218698686633,0.0280724014453,0.0230087474,0.0219160941813,-0.0010926532187
e0511,288,129,forced,1,0.101849296289,0.110177140634,0.163570757556,0.0334286221788,0.604499672124,0.571071049945
e0512,289,139,forced,1,0.00807989855257,0.00833704852144,0.025278696599,0,0.0674386245074,0.0674386245074
e0513,290,140,forced,1,0.0102529296875,0.0139036807069,0.0404026303155,0.00997643250006,0.0122842077623,0.00230777526224
e0514,291,272,forced,1,0.0520625,0.0520625,0.062475,0.0546953444641,0.0327203892041,-0.02197495526
e0515,292,Death,outcome,1,0.00449341919343,0.00401005036282,0.00942492505445,0.00510506256436,0,-0.00510506256436
e0516,293,281,forced,1,0.17393125,0.168651629633,0.1875,0.180321898321,0.126982548862,-0.053339349459
e0517,294,230,random,0.3,0.0028072636411,0.00352788240896,0.0221256735099,0.000921390319165,0.0166617739389,0.0157403836197
e0518,294,190,random,0.4,0.00374301818813,0.00470384321195,0.0295008980133,0.00122852042555,0.0222156985853,0.0209871781598
e0519,294,321,random,0.3,0.0028072636411,0.00352788240896,0.0221256735099,0.000921390319165,0.0166617739389,0.0157403836197
e0520,295,185,profile_choice,0.5,0.0220357000391,0.0245159944355,0.0583297880684,0.0250351953616,0,-0.0250351953616
e0521,295,92,profile_choice,0.5,0.0220357000391,0.0179256925041,0.0364781163888,0.0221617931835,0.0211093606354,-0.0010524325481
e0522,296,90,forced,1,0.00904953281258,0.00817393599915,0.0218979583891,0.00560828744934,0.0343305359255,0.0287222484762
e0523,297,117,forced,1,0.0237199707031,0.0202536124686,0.0159623763228,0.0238557016165,0.0227228277271,-0.0011328738894
e0524,298,121,profile_choice,0.5,0.0683841796875,0.0725823758431,0.0501418206075,0.0727406405348,0.0363795741985,-0.0363610663363
e0525,298,38,profile_choice,0.5,0.0683841796875,0.0725823758431,0.0501418206075,0.0691477793436,0.0627744183236,-0.00637336102
e0526,299,227,profile_choice,0.5,7.22353844311e-05,9.89044161117e-05,0.000333299267627,6.30805350813e-05,0.000139491203322,7.64106682407e-05
e0527,299,95,profile_choice,0.5,7.22353844311e-05,6.38866065442e-05,0.000305067095014,3.64797770646e-05,0.000334912853115,0.00029843307605
e0528,300,13,forced,1,0.0616470970312,0.0595629266749,0.0670758214071,0.0619998553415,0.0590555689655,-0.002944286376
e0529,301,27,forced,1,0.0694166666667,0.0694166666668,0.0833000000003,0.0686018208218,0.0754029065789,0.0068010857571
e0530,302,110,random,0.3,0.01875,0.015250352328,0.0257142857143,0.0197500952271,0.0114028312051,-0.008347264022
e0531,302,285,random,0.7,0.04375,0.0355841554321,0.06,0.0453574791853,0.0319407036558,-0.0134167755295
e0532,303,237,kai,0.5,0.0875914200786,0.0975471284512,0.214158015737,0.0488506129684,0.372199566773,0.323348953805
e0533,303,72,kai,0.5,0.0875914200786,0.0975471284512,0.214158015737,0.0534664578599,0.338289404389,0.284822946529
e0534,304,2,forced,1,0.0569640216797,0.0517688921496,0.0874549234574,0.0572899823981,0.0545693612978,-0.0027206211003
e0535,305,105,forced,1,0.205152539063,0.208735512879,0.058903997045,0.215527275711,0.128934855689,-0.086592420022
e0536,306,Death,outcome,1,0.189656910229,0.157132249728,0.29857110926,0.215472972986,0,-0.215472972986
e0537,307,213,forced,1,0.0761581515918,0.0756886308028,0.127502522583,0.0765939453625,0.0729566060724,-0.0036373392901
e0538,308,122,kai,0.5,5.11607110233e-05,5.25401479274e-05,0.000183460520126,2.5836802106e-05,0.000237202028219,0.000211365226113
e0539,308,233,profile_choice,0.5,5.11607110233e-05,5.25401479274e-05,0.000183460520126,2.5836802106e-05,0.000237202028219,0.000211365226113
e0540,309,Death,outcome,1,0.0683841796875,0.0771980731583,0.151459916797,0.0776926212955,0,-0.0776926212955
e0541,310,37,forced,1,0.00923416977436,0.00940401628581,0.027160857307,0,0.0770727137227,0.0770727137227
e0542,311,324,kai,0.5,0.0747328125,0.0703433438073,0.070848857143,0.0763785724956,0.0626422873619,-0.0137362851337
e0543,311,279,profile_choice,0.25,0.03736640625,0.0298234382682,0.0556391153846,0.0386876809991,0.0276597019846,-0.0110279790145
e0544,311,47,profile_choice,0.25,0.03736640625,0.0405199055391,0.0944364619799,0.0387892724014,0.0269133638752,-0.0118759085262
e0545,312,299,forced,1,0.000144470768862,0.000162791022656,0.000518067123546,9.95603121459e-05,0.000474404056437,0.000374843744291
e0546,313,248,forced,1,0.0155631082031,0.0224454312078,0.0639516386634,0.0159058377222,0.0130452563431,-0.0028605813791
e0547,314,341,random,0.7,0.0184683395487,0.0188080325716,0.054321714614,0,0.154145427445,0.154145427445
e0548,314,98,random,0.3,0.00791500266374,0.00806058538784,0.0232807348346,0,0.066062326048,0.066062326048
e0549,315,213,forced,1,0.033178270835,0.0330272851192,0.0633132027163,0.0333681242315,0.0317835187025,-0.001584605529
e0550,316,331,forced,1,0.0101178886523,0.00735133003003,0.0155697026659,0.0101757854468,0.00969255163452,-0.00048323381228
e0551,317,61,forced,1,0.0195239941576,0.017578796676,0.0206285897965,0.00640809753129,0.115879524914,0.109471427383
e0552,318,129,forced,1,0.0429400967479,0.0546577534554,0.185011942935,0.0140936493703,0.254859634291,0.240765984921
e0553,319,157,forced,1,0.216836710704,0.231630848114,0.161419766265,0.201094404349,0.332487079677,0.131392675328
e0554,320,264,forced,1,0.121215926152,0.136632528476,0.327557765514,0.113211940105,0.180016963224,0.066805023119
e0555,321,273,forced,1,0.0353845527935,0.0498487954278,0.185108339731,0.0116137949833,0.210015693198,0.198401898215
e0556,322,17,profile_choice,0.5,0.0093416015625,0.00678730498571,0.0143751294118,0.0096999522899,0.00670898897646,-0.00299096331344
e0557,322,89,profile_choice,0.5,0.0093416015625,0.00678730498571,0.0143751294118,0.0096386807367,0.00715911855564,-0.00247956218106
e0558,323,290,profile_choice,0.5,0.0102529296875,0.0139036807069,0.0404026303155,0.00997643250006,0.0122842077623,0.00230777526224
e0559,323,140,profile_choice,0.5,0.0102529296875,0.0110867920258,0.0244150205761,0.00997643250006,0.0122842077623,0.00230777526224
e0560,324,33,profile_choice,0.5,0.03736640625,0.0418716344579,0.0768774857143,0.0381892862478,0.0313211436809,-0.0068681425669
e0561,324,248,profile_choice,0.5,0.03736640625,0.0284717093494,0.0187477548077,0.0381892862478,0.0313211436809,-0.0068681425669
e0562,325,349,forced,1,0.11143125,0.100271863381,0.181703076923,0.115525499485,0.0813529722113,-0.0341725272737
e0563,326,61,forced,1,0.0156191953261,0.0215118703164,0.061784148425,0.00512647802503,0.0927036199311,0.0875771419061
e0564,327,Death,outcome,1,0.0867693920386,0.0589149901667,0.0738951461369,0.0985804252753,0,-0.0985804252753
e0565,328,76,profile_choice,0.5,0.00270882691617,0.00269627407359,0.00666126522747,0.00136799163992,0.0125592319918,0.0111912403519
e0566,328,118,profile_choice,0.5,0.00270882691617,0.00193063596016,0.00714034948601,0.00136799163992,0.0125592319918,0.0111912403519
e0567,329,284,forced,1,0.0208143106191,0.0278034353057,0.114216771329,0.0136010264,0.073806481054,0.060205454654
e0568,330,315,profile_choice,0.5,0.033178270835,0.0330272851192,0.0633132027163,0.0333681242315,0.0317835187025,-0.001584605529
e0569,330,213,profile_choice,0.5,0.033178270835,0.0259674551991,0.0392067250357,0.0333681242315,0.0317835187025,-0.001584605529
e0570,331,170,profile_choice,0.5,0.173538784077,0.162286907488,0.214830105602,0.166988798274,0.221658053118,0.054669254844
e0571,331,280,profile_choice,0.5,0.173538784077,0.174696327713,0.32688499802,0.182074824412,0.110829026559,-0.071245797853
e0572,332,350,forced,1,0.0204072165732,0.0152673678182,0.03241080421,0,0.170328204837,0.170328204837
e0573,333,131,forced,1,0.25,0.25,0,0.260534022841,0.172612125513,-0.087921897328
e0574,334,48,profile_choice,0.25,0.0189364715004,0.017159359257,0.0195945852229,0.0195467268095,0.0144532496602,-0.0050934771493
e0575,334,73,profile_choice,0.25,0.0189364715004,0.017159359257,0.0195945852229,0.0195467268095,0.0144532496602,-0.0050934771493
e0576,334,162,profile_choice,0.5,0.0378729430008,0.0425115481824,0.084552166901,0.0410608272298,0.0144532496602,-0.0266075775696
e0577,335,121,forced,1,0.136768359375,0.145164751686,0.100283641215,0.14548128107,0.072759148397,-0.072722132673
e0578,336,117,combat,0.833,0.0197587355957,0.0168712591864,0.0132966594768,0.0198717994465,0.0189281154967,-0.0009436839498
e0579,336,Death,combat,0.167,0.00396123510742,0.00338235328226,0.0026657168459,0.0045004376812,0,-0.0045004376812
e0580,337,219,random,0.5,0.0195239941576,0.017578796676,0.0206285897965,0.0221815965504,0,-0.0221815965504
e0581,337,317,random,0.5,0.0195239941576,0.017578796676,0.0206285897965,0.00640809753129,0.115879524914,0.109471427383
e0582,338,113,forced,1,0.0440714000781,0.0424416869397,0.0486039712986,0.0457602874561,0.0316640409531,-0.014096246503
e0583,339,94,combat,0.20825,0.00082447944414,0.000704587406331,0.00220293239149,0.000281012229051,0.00481704460767,0.00453603237862
e0584,339,203,combat,0.20825,0.00082447944414,0.000704587406331,0.00220293239149,0.000608859829611,0.00240852230383,0.00179966247422
e0585,339,7,escape,0.5,0.00197954248293,0.00169168644977,0.00528915340096,0.000674699229415,0.0115655332717,0.0108908340423
e0586,339,Death,combat,0.0835,0.000330583594649,0.000282511637112,0.00088328861796,0.000375582571041,0,-0.000375582571041
e0587,340,193,combat,0.833,0.0329002109455,0.0454923309645,0.163273535583,0.019469678353,0.13156720514,0.112097526787
e0588,340,Death,combat,0.167,0.00659584060972,0.00912031124978,0.0327331097747,0.00749366518627,0,-0.00749366518627
e0589,341,310,kai,0.5,0.00923416977436,0.00940401628581,0.027160857307,0,0.0770727137227,0.0770727137227
e0590,341,210,profile_choice,0.25,0.00461708488718,0.00542780546941,0.0188216070792,0,0.0385363568613,0.0385363568613
e0591,341,37,profile_choice,0.25,0.00461708488718,0.0039762108164,0.00833925022782,0,0.0385363568613,0.0385363568613
e0592,342,123,combat,0.833,0.0569640216797,0.0546950897109,0.0444524853882,0.0572899823981,0.0545693612978,-0.0027206211003
e0593,342,Death,combat,0.167,0.0114201580078,0.0109652820909,0.00891184280891,0.0129746677563,0,-0.0129746677563
e0594,343,213,forced,1,0.0569640216797,0.0585386811455,0.0718098642988,0.0572899823981,0.0545693612978,-0.0027206211003
e0595,344,60,forced,1,0.00123671916621,0.000883525564869,0.00160552812823,0.00140506114526,0,-0.00140506114526
e0596,345,272,profile_choice,0.5,0.0625,0.0625,0.075,0.0656606776279,0.0392801791165,-0.0263804985114
e0597,345,19,profile_choice,0.5,0.0625,0.0625,0.075,0.0652571327426,0.0422448091923,-0.0230123235503
e0598,346,14,forced,1,0.0351484375,0.030463361463,0.0550000925926,0.0350946312501,0.035543723458,0.0004490922079
e0599,347,103,forced,1,0.0915113414844,0.0947740955395,0.0482899064139,0.0920349896,0.0876643767251,-0.0043706128749
e0600,348,95,forced,1,3.00860376155e-05,4.11936893105e-05,0.000138819144967,1.51938271474e-05,0.000139491203322,0.000124297376175
e0601,349,293,forced,1,0.17393125,0.168651629633,0.1875,0.180321898321,0.126982548862,-0.053339349459
e0602,350,Win,outcome,1,0.119811141043,0.132992146115,0.203950347203,0,1,1
