node_id,node_kind,outcome,is_combat,is_player_choice,neutral_expected_visits,neutral_visit_probability,balanced_mean_visit_probability,visit_probability_range,min_visit_profile,max_visit_profile,neutral_death_contribution,balanced_mean_death_contribution,neutral_win_potential,neutral_local_entropy_nats,neutral_entropy_contribution_nats,neutral_choice_impact,neutral_choice_win_range,neutral_visit_probability_given_death,neutral_visit_probability_given_win,neutral_win_minus_death_visit_probability
1,narrative,,false,true,1,1,1,0,cautious_selfish_physical,cautious_selfish_physical,0,0,0.119811141043,1.03972077084,1.03972077084,0.0330756049483,0.0661512098965,1,1,0
2,narrative,,false,false,0.113928043359,0.113928043359,0.117077362291,0.143619728598,reckless_noble_tactical,cautious_selfish_physical,0,0,0.114774505912,0.69314718056,0.0789689020413,0,0,0.114579964796,0.109138722596,-0.0054412422
3,narrative,,false,true,0.0723946965185,0.0723946965185,0.100852140013,0.276101203744,reckless_selfish_tactical,cautious_noble_physical,0,0,0.752377832031,0.69314718056,0.0501801797793,0.0825407226563,0.165081445313,0.0203666878067,0.454616860696,0.434250172889
4,narrative,,false,true,0.0359473535475,0.0359473535475,0.0520524075647,0.167915427827,reckless_selfish_tactical,cautious_noble_physical,0,0,0.66657436535,1.03972077084,0.03737521014,0.0296887369019,0.0593774738037,0.0136172698036,0.199994626279,0.186377356475
5,narrative,,false,false,5.11607110233e-05,5.11607110233e-05,5.25401479274e-05,0.000183460520126,cautious_selfish_physical,reckless_noble_tactical,0,0,0.555493563128,0,0,0,0,2.5836802106e-05,0.000237202028219,0.000211365226113
6,narrative,,false,true,0.249823004306,0.249823004306,0.286719846429,0.591267507718,reckless_neutral_tactical,cautious_selfish_physical,0,0,0.264415676327,0.69314718056,0.173164111074,0.0576566333983,0.115313266797,0.208780063267,0.551343707028,0.342563643761
7,narrative,,false,false,0.0835411467501,0.0835411467501,0.109443385081,0.195117104177,reckless_noble_physical,cautious_noble_neutral,0,0,0.7,0.610864302055,0.0510323043024,0,0,0.0284738255546,0.488091526516,0.459617700961
8,narrative,,false,false,0.360134661751,0.180067330875,0.179211838677,0.049482508407,reckless_noble_physical,cautious_selfish_physical,0,0,0.188326119195,0,0,0,0,0.166050669434,0.283040302617,0.116989633183
9,narrative,,false,false,0.00898683838687,0.00898683838687,0.00802010072564,0.0188498501089,cautious_noble_physical,reckless_neutral_tactical,0,0,0.226583562262,0.69314718056,0.00622920169,0,0,0.00789667860592,0.016995663654,0.00909898504808
10,narrative,,false,true,0.0539210303212,0.0539210303212,0.0518850555138,0.0750585517821,reckless_selfish_tactical,cautious_neutral_physical,0,0,0.756853280756,0.69314718056,0.03737521014,0,7.77156117238e-16,0.0148953505687,0.340621985111,0.325726634542
11,narrative,,false,false,0.00807989855257,0.00807989855257,0.00833704852144,0.025278696599,cautious_selfish_tactical,cautious_selfish_physical,0,0,1,0,0,0,0,0,0.0674386245074,0.0674386245074
12,narrative,,false,false,0.0440504051226,0.0440504051226,0.055070016363,0.185370610858,reckless_noble_physical,cautious_selfish_physical,0,0,0.057974825289,0.69314718056,0.0305334141132,0,0,0.0471450986449,0.0213153344394,-0.0258297642055
13,narrative,,false,true,0.152316303184,0.152316303184,0.150392846055,0.01821137564,reckless_noble_neutral,reckless_selfish_physical,0,0,0.114774505912,0.69314718056,0.105577616105,0,0,0.153187890725,0.145913212145,-0.00727467858
14,narrative,,false,true,0.11130859375,0.11130859375,0.100710301897,0.0678720164614,reckless_noble_physical,neutral_selfish_tactical,0,0,0.121158559734,0.69314718056,0.0771532379299,0.00614330974839,0.0122866194968,0.111138199319,0.112560391191,0.001422191872
15,narrative,,false,true,0.10819720607,0.0831079988656,0.0815610361159,0.0037091934404,reckless_noble_physical,neutral_selfish_neutral,0,0,0.190253704422,1.09861228867,0.118866780188,0.00107344689415,0.00227712473429,0.0764567666693,0.131971071419,0.0555143047497
16,narrative,,false,false,0.0955542764494,0.0955542764494,0.0730332683151,0.109591925244,cautious_selfish_tactical,cautious_noble_physical,0,0,0.404931661955,0,0,0,0,0.0646012772159,0.322949532346,0.25834825513
17,narrative,,true,false,0.0093416015625,0.0093416015625,0.00678730498571,0.0143751294118,cautious_noble_tactical,neutral_selfish_physical,0.00156004746094,0.00113347993261,0.0860464470823,1.11901214265,0.0104533655803,0,0,0.0096999522899,0.00670898897646,-0.00299096331344
18,narrative,,false,true,0.0135742992189,0.0135742992189,0.0111126659219,0.0290689842881,cautious_selfish_physical,neutral_noble_tactical,0,0,0.454518566541,1.03972077084,0.0141134808475,0.109182568132,0.218365136263,0.00841243117402,0.0514958038883,0.0430833727143
19,narrative,,false,true,0.211965625,0.211965625,0.221344708271,0.229382373626,reckless_noble_physical,cautious_selfish_tactical,0,0,0.0809823806792,1.03972077084,0.220385063017,0.0113662627886,0.0227325255772,0.22131630284,0.143271158135,-0.078045144705
20,narrative,,false,false,0.0149754428169,0.0149754428169,0.00948409168487,0.0178769140828,cautious_selfish_tactical,neutral_noble_physical,0,0,0.711107470703,0,0,0,0,0.00491518781304,0.0888827964706,0.0839676086576
21,narrative,,false,false,0.00361176922155,0.00361176922155,0.0040697755664,0.0129516780887,cautious_selfish_physical,reckless_noble_tactical,0.00130023691976,0.0014651192039,0.34903327052,0.803044856366,0.00290041269575,0,0,0.00267117854749,0.0105217896499,0.00785061110241
22,narrative,,false,false,0.0247138055639,0.0247138055639,0.0231567282666,0.0308267628535,reckless_selfish_tactical,cautious_neutral_physical,0,0,0.855553735352,0.69314718056,0.0171303046475,0,0,0.0040557397002,0.176477650417,0.172421910717
23,narrative,,false,true,0.0624767813042,0.0624767813042,0.0674253988266,0.123108053265,reckless_selfish_physical,cautious_noble_tactical,0,0,0.488886386108,1.03972077084,0.0649584072172,0.147404791621,0.355553735352,0.0362794111193,0.254934954811,0.218655543692
24,narrative,,false,true,0.029813864817,0.029813864817,0.0289594793736,0.0599826497292,reckless_noble_tactical,cautious_selfish_physical,0,0,0.222712414075,0.69314718056,0.0206653963395,0.222712414075,0.44542482815,0.0263283802958,0.0554198695425,0.0290914892467
25,narrative,,false,false,0.0584788027251,0.0584788027251,0.0766103695567,0.136581972923,reckless_noble_physical,cautious_noble_neutral,0,0,1,0,0,0,0,0,0.488091526516,0.488091526516
26,narrative,,false,true,0.0337006439508,0.0337006439508,0.0369273178514,0.0711526293403,reckless_selfish_physical,cautious_noble_tactical,0,0,0.458269876178,0.69314718056,0.0233595063375,0.01020550331,0.02041100662,0.0207417463133,0.128902786469,0.108161040156
27,narrative,,false,true,0.104125,0.104125,0.104125,0.12495,cautious_selfish_physical,reckless_selfish_physical,0,0,0.130143216449,0.69314718056,0.0721739501758,0.00031570521844,0.000631410436881,0.102902731233,0.113104359868,0.010201628635
28,narrative,,false,true,0.530009502199,0.180067330875,0.179211838677,0.049482508407,reckless_noble_physical,cautious_selfish_physical,0,0,0.192939543853,0.69314718056,0.367374592119,0.000583878136998,0.001167756274,0.165106863958,0.289973940483,0.124867076525
29,narrative,,true,false,0.00433585740883,0.00433585740883,0.00488568495366,0.0155482329996,cautious_selfish_physical,reckless_noble_tactical,0.000724088187274,0.000815909387261,0.290744714343,0.451097288384,0.00195589351994,0,0,0.0034938294819,0.0105217896499,0.007027960168
30,narrative,,false,true,0.335778188787,0.335778188787,0.338245795718,0.177397601016,cautious_noble_tactical,reckless_selfish_physical,0,0,0.189494662844,0.69314718056,0.232743704852,0.0144141583496,0.0288283166991,0.309195022572,0.531070600957,0.221875578385
31,narrative,,false,false,0.0659116795185,0.0659116795185,0.0586706124468,0.0711430614402,cautious_selfish_physical,neutral_noble_tactical,0,0,0.17793072623,0,0,0,0,0.0615594777908,0.0978849955163,0.0363255177255
32,narrative,,false,true,0.0789921031104,0.0789921031104,0.0884785109466,0.205169338326,cautious_selfish_physical,reckless_noble_physical,0,0,0.439115371584,0.69314718056,0.0547531535574,0.0400066923374,0.0800133846749,0.0503363067482,0.289511028838,0.23917472209
33,narrative,,false,false,0.0538655429297,0.0538655429297,0.0576134297686,0.117910113161,cautious_selfish_physical,reckless_noble_tactical,0,0,0.100427692673,0,0,0,0,0.0550517655905,0.0451509946733,-0.0099007709172
34,narrative,,true,false,0.00650378611324,0.00650378611324,0.00555451384604,0.0128577721837,cautious_selfish_tactical,neutral_noble_physical,0.00108613228091,0.000927603812288,0.462726138085,0.451097288384,0.00293384027991,0,0,0.00396995968146,0.0251184639836,0.0211485043021
35,narrative,,false,false,0.0514851439513,0.0514851439513,0.050876950918,0.006326248815,reckless_noble_physical,cautious_selfish_physical,0,0,0.189494662844,0,0,0,0,0.0474091253622,0.0814294890246,0.0340203636624
36,narrative,,false,false,0.04101171875,0.0307587890625,0.0311386506877,0.0450554904355,cautious_noble_tactical,reckless_selfish_physical,0,0,0.143547746221,0.69314718056,0.0284271572215,0,0,0.0299292975002,0.0368526232869,0.0069233257867
37,narrative,,false,true,0.0161597971051,0.0161597971051,0.0166740970429,0.0505573931981,cautious_selfish_tactical,cautious_selfish_physical,0,0,1,0.69314718056,0.0112011178018,0,0,0,0.134877249015,0.134877249015
38,narrative,,false,true,0.0948798828125,0.0948798828125,0.0928396335371,0.0693238767806,reckless_noble_physical,cautious_selfish_physical,0,0,0.10998267029,0.69314718056,0.0657657232633,0.00479183562183,0.00958367124366,0.0959393419771,0.087096598678,-0.0088427432991
39,narrative,,false,false,0.013015625,0.013015625,0.0107289583333,0.0312375,cautious_noble_physical,reckless_selfish_tactical,0,0,0.132353152978,0,0,0,0,0.0128301623888,0.0143781203629,0.0015479579741
40,narrative,,false,false,0.0683841796875,0.0683841796875,0.0815939904929,0.141663285385,reckless_noble_neutral,cautious_selfish_tactical,0,0,0.0752992492849,0,0,0,0,0.071842425237,0.0429782852298,-0.0288641400072
41,narrative,,false,true,0.00674012879015,0.00674012879015,0.00468235204469,0.00946016891104,reckless_noble_physical,cautious_noble_neutral,0,0,0.711107470703,0.69314718056,0.0046719012675,0,0,0.00221222165466,0.0400042591571,0.0377920375024
42,narrative,,false,true,0.246710537513,0.134480664831,0.134128774176,0.047878703889,reckless_noble_physical,cautious_selfish_physical,0,0,0.194107300127,1.38629436112,0.342013426983,0.00811806062675,0.0227743968449,0.123129240911,0.217873551178,0.094744310267
43,narrative,,true,false,0.055654296875,0.055654296875,0.0481531643926,0.068316,cautious_noble_physical,reckless_selfish_tactical,0.00464713378906,0.00402078922678,0.115015249986,0.918695824752,0.0511293701686,0,0,0.0559575408231,0.0534265245466,-0.0025310162765
44,narrative,,false,false,0.0616470970312,0.0616470970312,0.0595629266749,0.0670758214071,cautious_noble_physical,reckless_selfish_tactical,0,0,0.086080879434,0.69314718056,0.0427305114969,0,0,0.0640095135616,0.0442916767241,-0.0197178368375
45,narrative,,false,false,0.0269605151606,0.0269605151606,0.0259425277569,0.0375292758911,reckless_selfish_tactical,cautious_neutral_physical,0,0,0.723953129224,0,0,0,0,0.00845541927606,0.162907632347,0.154452213071
46,narrative,,false,true,0.0180990656252,0.0180990656252,0.0163478719983,0.0437959167783,cautious_selfish_physical,neutral_noble_tactical,0,0,0.435542416388,1.03972077084,0.0188179744633,0.0379523003061,0.0759046006123,0.0116067759146,0.0657944721012,0.0541876961866
47,narrative,,false,true,0.03736640625,0.03736640625,0.0405199055391,0.0944364619799,cautious_noble_tactical,reckless_selfish_physical,0,0,0.0862946469513,0.69314718056,0.0259004191398,0.00263837895465,0.00527675790931,0.0387892724014,0.0269133638752,-0.0118759085262
48,narrative,,false,false,0.0189364715004,0.0189364715004,0.017159359257,0.0195945852229,reckless_selfish_physical,neutral_noble_tactical,0,0,0.0914457761324,0,0,0,0,0.0195467268095,0.0144532496602,-0.0050934771493
49,narrative,,false,false,0.00791816993171,0.00791816993171,0.0067667457991,0.0211566136039,reckless_noble_physical,reckless_noble_tactical,0,0,0.28433125,0.69314718056,0.00548845716336,0,0,0.00643814872189,0.0187911001832,0.0123529514613
50,narrative,,false,true,0.0189364715004,0.0189364715004,0.0212557740912,0.0422760834505,cautious_selfish_tactical,reckless_noble_physical,0,0,0.0914457761324,0.69314718056,0.0131257618303,0,0,0.0195467268095,0.0144532496602,-0.0050934771493
51,narrative,,false,true,0.050405210641,0.050405210641,0.072479989453,0.233986096298,reckless_selfish_tactical,cautious_selfish_physical,0,0,0.711107470703,0.69314718056,0.0349382296414,0,0,0.0165438231166,0.299166851574,0.282623028457
52,narrative,,false,false,0.0520625,0.0520625,0.0417725,0.0735,reckless_selfish_physical,neutral_selfish_tactical,0,0,0.130458921667,0.69314718056,0.0360869750879,0,0,0.0514326918933,0.0566893658652,0.0052566739719
53,preterminal,death,false,false,0.00264647572266,0.00264647572266,0.00192284350245,0.00407247416235,cautious_noble_tactical,neutral_selfish_physical,0.00264647572266,0.00192284350245,0,0,0,0,0,0.00300671349759,0,-0.00300671349759
54,preterminal,death,false,false,0.0159257127416,0.0159257127416,0.0118174383033,0.0237925566653,cautious_selfish_tactical,reckless_selfish_physical,0.0159257127416,0.0118174383033,0,0,0,0,0,0.0180935177485,0,-0.0180935177485
55,narrative,,true,false,0.08125,0.08125,0.0776563120634,0.165494505494,cautious_selfish_tactical,reckless_noble_physical,0.01356875,0.0129686041146,0.0728632649493,0.451097288384,0.0366516546812,0,0,0.0855837459839,0.0494122685555,-0.0361714774284
56,narrative,,false,false,0.25,0.25,0.25,0,cautious_selfish_physical,cautious_selfish_physical,0,0,0.177131525951,0,0,0,0,0.233719293784,0.36960570697,0.135886413186
57,narrative,,false,true,5.11607110233e-05,5.11607110233e-05,5.60264787893e-05,0.000183460520126,cautious_selfish_physical,reckless_noble_tactical,0,0,0.555493563128,1.09861228867,5.62057858272e-05,0,0,2.5836802106e-05,0.000237202028219,0.000211365226113
58,narrative,,false,true,0.0718947070949,0.0718947070949,0.0724824820096,0.100078069043,reckless_selfish_tactical,cautious_neutral_physical,0,0,0.567639960567,0.69314718056,0.04983361352,0.189213320189,0.378426640378,0.0353156008262,0.340621985111,0.305306384285
59,narrative,,false,true,0.0115900073242,0.0115900073242,0.0121878944337,0.0317903309053,cautious_noble_physical,reckless_selfish_tactical,0,0,0.11934550264,1.09861228867,0.0127329244721,0.00649634632364,0.0159127336853,0.0115961386816,0.0115449634957,-5.11751859e-05
60,preterminal,death,false,false,0.00519580413207,0.00519580413207,0.00426689846442,0.0121651759827,reckless_noble_physical,reckless_noble_tactical,0.00519580413207,0.00426689846442,0,0,0,0,0,0.00590305600802,0,-0.00590305600802
61,narrative,,false,false,0.0429527871466,0.0429527871466,0.0498466021506,0.107892137951,reckless_selfish_physical,cautious_noble_tactical,0,0,0.711107470703,0,0,0,0,0.0140978145688,0.254934954811,0.240837140242
62,narrative,,false,false,0.0168435818466,0.0168435818466,0.0159316272115,0.0189155101863,reckless_selfish_tactical,cautious_neutral_physical,0,0,0.711107470703,0,0,0,0,0.00552834191499,0.0999706436336,0.0944423017186
63,narrative,,true,false,0.0633453594537,0.0633453594537,0.0623595376938,0.13974030513,cautious_selfish_tactical,cautious_selfish_physical,0.0105786750288,0.0104140427949,0.70805,0.451097288384,0.0285749198812,0,0,0.021011033603,0.374353180939,0.353342147336
64,narrative,,false,true,0.191108552899,0.191108552899,0.206911695206,0.419414671647,reckless_noble_neutral,cautious_neutral_physical,0,0,0.44542482815,0.69314718056,0.132466354623,0.0404931661955,0.080986332391,0.120410588577,0.710488971162,0.590078382585
65,narrative,,false,false,0.0359473535475,0.0359473535475,0.0389323430328,0.0705023373937,reckless_selfish_physical,cautious_noble_tactical,0,0,0.453167124523,0,0,0,0,0.0223329283325,0.135965309232,0.1136323809
66,narrative,,false,false,0.082553602494,0.082553602494,0.101345051987,0.179657687457,reckless_noble_physical,cautious_selfish_physical,0,0,1,0,0,0,0,0,0.689031101579,0.689031101579
67,narrative,,false,false,0.1875,0.1875,0.1875,0.075,reckless_selfish_physical,cautious_selfish_physical,0,0,0.188326119195,0,0,0,0,0.172904770496,0.294723404199,0.121818633703
68,narrative,,false,true,0.0679499361794,0.0529609796692,0.0508082157022,0.0140154339848,cautious_noble_tactical,reckless_selfish_tactical,0,0,0.191304685069,0.69314718056,0.047099306682,0.0010509806466,0.00210196129319,0.0486592118235,0.0845637847066,0.0359045728831
69,narrative,,false,false,0.1059828125,0.1059828125,0.110672354135,0.114691186814,reckless_noble_physical,cautious_selfish_tactical,0,0,0.0752992492849,0,0,0,0,0.111342452571,0.0666083817324,-0.0447340708386
70,narrative,,false,true,0.720269323502,0.360134661751,0.358423677354,0.098965016814,reckless_noble_physical,cautious_selfish_physical,0,0,0.188326119195,1.03972077084,0.748878976243,0.00461342465779,0.00922684931557,0.332101338867,0.566080605233,0.233979266366
71,narrative,,false,true,0.0718947070949,0.0718947070949,0.0778646860656,0.141004674788,reckless_selfish_physical,cautious_noble_tactical,0,0,0.424844179241,1.03972077084,0.0747504202801,0.0566458905654,0.113291781131,0.0469793031878,0.254934954811,0.207955651623
72,narrative,,true,false,0.131387130118,0.131387130118,0.146320692677,0.321237023606,reckless_noble_neutral,cautious_neutral_physical,0.0219416507297,0.024435555677,0.462726138085,0.451097288384,0.0592683781247,0,0,0.0801996867899,0.507434106583,0.427234419793
73,narrative,,false,false,0.0189364715004,0.0189364715004,0.017159359257,0.0195945852229,reckless_selfish_physical,neutral_noble_tactical,0,0,0.0914457761324,0,0,0,0,0.0195467268095,0.0144532496602,-0.0050934771493
74,narrative,,false,true,0.125,0.125,0.125,0,cautious_selfish_physical,cautious_selfish_physical,0,0,0.075097590478,0.69314718056,0.08664339757,0.0123733158237,0.0247466316474,0.131349993827,0.0783499658552,-0.0530000279718
75,narrative,,false,true,0.0449341919343,0.0449341919343,0.0664008087374,0.219162975328,reckless_selfish_tactical,cautious_noble_physical,0,0,0.651729996899,0.69314718056,0.03114600845,0.0593774738037,0.118754947607,0.0177794015512,0.24442602345,0.226646621899
76,narrative,,false,false,0.00270882691617,0.00270882691617,0.00269627407359,0.00666126522747,cautious_selfish_tactical,reckless_noble_physical,0,0,0.555493563128,0,0,0,0,0.00136799163992,0.0125592319918,0.0111912403519
77,narrative,,false,false,0.149465625,0.149465625,0.158844708271,0.229382373626,reckless_noble_physical,cautious_selfish_tactical,0,0,0.0809823806792,0,0,0,0,0.156059170097,0.101026348943,-0.055032821154
78,narrative,,false,true,0.132151215368,0.132151215368,0.142209438408,0.299314731722,reckless_noble_neutral,cautious_selfish_physical,0,0,0.198719791301,1.09861228867,0.145182949165,0.175023862446,0.387450002862,0.120303901091,0.219187144947,0.098883243856
79,narrative,,false,false,5.11607110233e-05,5.11607110233e-05,5.25401479274e-05,0.000183460520126,cautious_selfish_physical,reckless_noble_tactical,0,0,0.555493563128,0,0,0,0,2.5836802106e-05,0.000237202028219,0.000211365226113
80,narrative,,false,false,0.00123671916621,0.00123671916621,0.000883525564869,0.00160552812823,reckless_noble_physical,neutral_noble_tactical,0,0,0.7,0,0,0,0,0.000421518343577,0.0072255669115,0.00680404856792
81,narrative,,false,true,0.102580236675,0.102580236675,0.0697521779926,0.118056113712,reckless_noble_physical,cautious_noble_neutral,0,0,0.264415676327,0.69314718056,0.0711032018322,0.0576566333983,0.115313266797,0.085727526824,0.226388150735,0.140660623911
82,narrative,,false,false,0.157984206221,0.157984206221,0.176957021893,0.410338676651,cautious_selfish_physical,reckless_noble_physical,0,0,0.219557685792,0,0,0,0,0.140080799997,0.289511028838,0.149430228841
83,narrative,,false,true,0.0539210303212,0.0539210303212,0.0518850555138,0.0750585517821,reckless_selfish_tactical,cautious_neutral_physical,0,0,0.756853280756,1.24245332489,0.0669943634043,0.0537257224757,0.131600606128,0.0148953505687,0.340621985111,0.325726634542
84,narrative,,false,false,0.0159257127416,0.0159257127416,0.0118174383033,0.0237925566653,cautious_selfish_tactical,reckless_selfish_physical,0,0,0.485917994346,0,0,0,0,0.00930155189348,0.0645899064693,0.0552883545758
85,narrative,,false,true,0.25,0.25,0.25,0,cautious_selfish_physical,cautious_selfish_physical,0,0,0.142770412627,0.69314718056,0.17328679514,0.0343611133249,0.0687222266498,0.243478879177,0.297907213353,0.054428334176
86,narrative,,false,true,0.0616776343782,0.0553331902169,0.0555379673778,0.0257335715562,reckless_noble_physical,cautious_selfish_physical,0,0,0.206487091382,1.38629436112,0.0855033567457,0.0339602296944,0.0864849500974,0.0498842950184,0.0953633310338,0.0454790360154
87,narrative,,false,false,0.00780959766303,0.00780959766303,0.0107559351582,0.0308920742125,reckless_selfish_physical,cautious_noble_tactical,0,0,0.711107470703,0,0,0,0,0.00256323901252,0.0463518099656,0.0437885709531
88,narrative,,false,false,0.131823359037,0.131823359037,0.117341224894,0.14228612288,cautious_selfish_physical,neutral_noble_tactical,0,0,0.17793072623,0.69314718056,0.0913729896484,0,0,0.123118955582,0.195769991033,0.072651035451
89,narrative,,false,false,0.0093416015625,0.0093416015625,0.00678730498571,0.0143751294118,cautious_noble_tactical,neutral_selfish_physical,0,0,0.0918196047296,1.02965301406,0.00961860820502,0,0,0.0096386807367,0.00715911855564,-0.00247956218106
90,narrative,,false,false,0.0135742992189,0.0135742992189,0.0111126659219,0.0290689842881,cautious_selfish_physical,neutral_noble_tactical,0,0,0.454518566541,0,0,0,0,0.00841243117402,0.0514958038883,0.0430833727143
91,narrative,,false,true,0.0316726797268,0.0316726797268,0.0265962176079,0.0473872629772,reckless_noble_physical,cautious_selfish_physical,0,0,0.5632484375,1.03972077084,0.0329307429802,0.1367515625,0.273503125,0.0157160502754,0.148897566723,0.133181516448
92,narrative,,false,false,0.0220357000391,0.0220357000391,0.0179256925041,0.0364781163888,reckless_noble_tactical,neutral_selfish_physical,0,0,0.114774505912,0,0,0,0,0.0221617931835,0.0211093606354,-0.0010524325481
93,narrative,,false,false,0.00289750183105,0.00289750183105,0.00409701467815,0.0136477986581,cautious_noble_physical,reckless_selfish_tactical,0,0,0.127301869483,0,0,0,0,0.00287284303295,0.00307865693218,0.00020581389923
94,narrative,,false,false,0.00247343833242,0.00247343833242,0.00176705112974,0.00321105625646,reckless_noble_physical,neutral_noble_tactical,0,0,0.7,0,0,0,0,0.000843036687154,0.014451133823,0.0136080971358
95,narrative,,false,true,0.000102321422047,0.000102321422047,0.000105080295855,0.000366921040252,cautious_selfish_physical,reckless_noble_tactical,0,0,0.555493563128,0.69314718056,7.09238052025e-05,0,0,5.16736042121e-05,0.000474404056437,0.000422730452225
96,narrative,,false,true,0.011209921875,0.011209921875,0.00894703148047,0.0166917346154,reckless_noble_physical,neutral_selfish_tactical,0,0,0.100427692673,0.69314718056,0.00777012574195,0,0,0.0114567858743,0.00939634310428,-0.00206044277002
97,narrative,,false,true,0.379313820458,0.379313820458,0.369565649359,0.390816456606,cautious_selfish_physical,reckless_noble_physical,0,0,0.0914457761324,0.69314718056,0.262920305198,0.0914457761324,0.182891552265,0.391537759472,0.289511028838,-0.102026730634
98,narrative,,false,false,0.00791500266374,0.00791500266374,0.00806058538784,0.0232807348346,cautious_selfish_tactical,cautious_selfish_physical,0,0,1,0,0,0,0,0,0.066062326048,0.066062326048
99,narrative,,false,false,0.125,0.125,0.125,0.15,reckless_selfish_physical,cautious_selfish_physical,0,0,0.177131525951,0,0,0,0,0.116859646892,0.184802853485,0.067943206593
100,narrative,,false,true,0.0505509659261,0.0505509659261,0.056062428472,0.121704226197,reckless_selfish_physical,cautious_noble_tactical,0,0,0.448064372868,1.09861228867,0.0555359123705,0.0333310342371,0.0816440264801,0.0316987414651,0.189048252512,0.157349511047
101,narrative,,false,false,0.0625,0.0625,0.0683797662522,0.193902439024,reckless_noble_tactical,cautious_selfish_physical,0,0,0.0874709063017,0,0,0,0,0.0647963988362,0.0456295766511,-0.0191668221851
102,narrative,,false,false,0.0510803964759,0.0510803964759,0.0500612507599,0.140529235908,reckless_noble_physical,cautious_neutral_tactical,0,0,0.424844179241,0,0,0,0,0.0333782767878,0.181128473757,0.147750196969
103,narrative,,false,true,0.0915113414844,0.0915113414844,0.0947740955395,0.0482899064139,reckless_noble_physical,cautious_selfish_physical,0,0,0.114774505912,0.69314718056,0.0634308283392,0,0,0.0920349896,0.0876643767251,-0.0043706128749
104,narrative,,false,true,0.0674012879015,0.0674012879015,0.0738546357028,0.142305258681,reckless_selfish_physical,cautious_noble_tactical,0,0,0.453167124523,0.69314718056,0.046719012675,0.00510275165501,0.01020550331,0.0418742406234,0.254934954811,0.213060714188
105,narrative,,false,false,0.27353671875,0.27353671875,0.290329503372,0.20056728243,reckless_noble_neutral,cautious_selfish_tactical,0,0,0.0752992492849,0.69314718056,0.189601205381,0,0,0.287369700948,0.171913140919,-0.115456560029
106,narrative,,false,true,0.151491772003,0.151491772003,0.153660533393,0.092731805172,cautious_selfish_physical,reckless_noble_physical,0,0,0.127301869483,0.69314718056,0.105006094642,0.0587175373834,0.117435074767,0.150202521732,0.160963209426,0.010760687694
107,narrative,,false,false,0.00842516098769,0.00842516098769,0.00796970509677,0.0183566671417,cautious_selfish_physical,reckless_noble_tactical,0,0,0.488886386108,0,0,0,0,0.00489237558078,0.0343786602131,0.0294862846323
108,preterminal,death,false,false,0.025062344025,0.025062344025,0.0328330155243,0.0585351312529,reckless_noble_physical,cautious_noble_neutral,0.025062344025,0.0328330155243,0,0,0,0,0,0.0284738255546,0,-0.0284738255546
109,narrative,,false,true,1.70535703411e-05,1.70535703411e-05,2.0994488705e-05,7.34635131348e-05,cautious_selfish_physical,reckless_noble_tactical,0,0,0.555493563128,0.69314718056,1.18206342004e-05,0,0,8.61226736868e-06,7.90673427395e-05,7.04550753708e-05
110,narrative,,false,false,0.01875,0.01875,0.015250352328,0.0257142857143,cautious_selfish_tactical,cautious_noble_physical,0,0,0.0728632649493,0,0,0,0,0.0197500952271,0.0114028312051,-0.008347264022
111,narrative,,false,true,0.000102321422047,0.000102321422047,0.000105080295855,0.000366921040252,cautious_selfish_physical,reckless_noble_tactical,0,0,0.555493563128,0.69314718056,7.09238052025e-05,0,5.55111512313e-16,5.16736042121e-05,0.000474404056437,0.000422730452225
112,narrative,,true,true,0.026156484375,0.026156484375,0.0208764067878,0.0389473807692,reckless_noble_physical,neutral_selfish_tactical,0.00436813289062,0.00348635993356,0.0836562679966,1.02848888979,0.0269016535757,0,0,0.0272308951248,0.0182633588804,-0.0089675362444
113,narrative,,false,true,0.0881428001563,0.0881428001563,0.0848833738793,0.0972079425969,cautious_noble_tactical,reckless_selfish_neutral,0,0,0.086080879434,0.69314718056,0.061095933415,0.028693626478,0.057387252956,0.0915205749121,0.0633280819063,-0.0281924930058
114,narrative,,false,false,0.00867171481766,0.00867171481766,0.00773679629178,0.0206682595263,cautious_selfish_physical,neutral_noble_tactical,0,0,0.509109850607,0,0,0,0,0.00483630227651,0.0368484549676,0.0320121526911
115,narrative,,false,true,0.0269605151606,0.0269605151606,0.0271107450984,0.0573168649864,reckless_selfish_physical,cautious_neutral_physical,0,0,0.756853280756,1.09861228867,0.0296191532643,0,0,0.00744767528437,0.170310992555,0.162863317271
116,narrative,,false,false,0.0101101931852,0.0101101931852,0.00815445729429,0.0166671951406,reckless_selfish_tactical,neutral_selfish_physical,0,0,0.711107470703,0,0,0,0,0.00331833248199,0.0600063887357,0.0566880562537
117,narrative,,false,false,0.0434787062988,0.0434787062988,0.037124871655,0.0292590357996,cautious_noble_tactical,reckless_selfish_tactical,0,0,0.114774505912,0,0,0,0,0.043727501063,0.0416509432238,-0.0020765578392
118,narrative,,false,false,0.0140885014785,0.0140885014785,0.0121021691574,0.0339669073311,cautious_selfish_physical,neutral_noble_tactical,0,0,0.555493563128,0,0,0,0,0.0071148703251,0.0653200680448,0.0582051977197
119,narrative,,false,true,0.05299140625,0.05299140625,0.0455777048984,0.0456455555556,cautious_noble_tactical,neutral_selfish_physical,0,0,0.0980317748621,0.69314718056,0.0367308438361,0.0119508954281,0.0239017908562,0.054302623984,0.0433585855366,-0.0109440384474
120,narrative,,false,true,0.0477771382247,0.0477771382247,0.0336632172118,0.0578975091094,cautious_selfish_tactical,neutral_noble_physical,0,0,0.323945329564,1.09861228867,0.0524885511711,0.229063939268,0.485917994346,0.0366966215355,0.129179812939,0.0924831914035
121,narrative,,false,true,0.205152539063,0.205152539063,0.217747127529,0.150425461823,reckless_noble_neutral,cautious_selfish_tactical,0,0,0.0637381089498,1.09861228867,0.225383100466,0.0450696490584,0.0956071634247,0.218221921604,0.109138722596,-0.109083199008
122,narrative,,false,false,5.11607110233e-05,5.11607110233e-05,5.25401479274e-05,0.000183460520126,cautious_selfish_physical,reckless_noble_tactical,0,0,0.555493563128,0,0,0,0,2.5836802106e-05,0.000237202028219,0.000211365226113
123,narrative,,false,true,0.113928043359,0.113928043359,0.117077362291,0.143619728598,reckless_noble_tactical,cautious_selfish_physical,0,0,0.114774505912,0.69314718056,0.0789689020413,0,0,0.114579964796,0.109138722596,-0.0054412422
124,narrative,,false,true,0.00386333577474,0.00386333577474,0.00530870261693,0.0143869022108,cautious_noble_physical,reckless_selfish_tactical,0,0,0.11934550264,0.69314718056,0.00267786029982,0.00795636684267,0.0159127336853,0.00386537956055,0.00384832116522,-1.705839533e-05
125,narrative,,false,true,0.138833333333,0.104125,0.104125,0.12495,cautious_selfish_physical,reckless_selfish_physical,0,0,0.130143216449,1.03972077084,0.144347900352,0,0,0.102902731233,0.113104359868,0.010201628635
126,narrative,,false,true,0.0361981312503,0.0361981312503,0.0306334396295,0.0862062630639,cautious_selfish_physical,neutral_noble_tactical,0,0,0.495517989758,0.69314718056,0.0250906326177,0.05997557337,0.11995114674,0.0207470315425,0.149709159549,0.128962128007
127,preterminal,death,false,false,0.0189364715004,0.0189364715004,0.0212557740912,0.0422760834505,cautious_selfish_tactical,reckless_noble_physical,0.0189364715004,0.0212557740912,0,0,0,0,0,0.0215141004203,0,-0.0215141004203
128,narrative,,false,false,0.0474399414062,0.0474399414062,0.0405072249373,0.0319247526455,cautious_noble_tactical,reckless_selfish_tactical,0,0,0.105190834668,0.69314718056,0.0328828616317,0,0,0.0482279387442,0.0416509432238,-0.0065769955204
129,narrative,,false,true,0.144789393037,0.144789393037,0.164834894089,0.242964184561,reckless_selfish_neutral,cautious_selfish_physical,0,0,0.711107470703,0.69314718056,0.100360359559,0.0412703613281,0.0825407226563,0.0475222715491,0.859359306416,0.811837034867
130,narrative,,false,true,0.37320195717,0.134626255754,0.133814012688,0.034212987214,reckless_noble_physical,cautious_selfish_physical,0,0,0.192355665716,0.69314718056,0.258683884392,0.000583878136998,0.001167756274,0.123530457809,0.216141193741,0.092610735932
131,narrative,,false,true,0.25,0.25,0.25,0,cautious_selfish_physical,cautious_selfish_physical,0,0,0.0827234228622,1.38629436112,0.34657359028,0.00596727066118,0.0146076413524,0.260534022841,0.172612125513,-0.087921897328
132,narrative,,false,false,0.0440504051226,0.0440504051226,0.0502225171105,0.129377705427,reckless_noble_physical,cautious_noble_physical,0,0,0.44542482815,0,0,0,0,0.0277545673775,0.163767275405,0.136012708027
133,narrative,,true,false,0.0252754829631,0.0252754829631,0.0335871733415,0.104843006469,reckless_selfish_physical,cautious_noble_tactical,0.00422100565483,0.00560905794803,0.407242359628,0.451097288384,0.0114017018272,0,0,0.0170216147228,0.0859122718727,0.0688906571499
134,narrative,,false,true,0.136768359375,0.136768359375,0.145164751686,0.100283641215,reckless_noble_neutral,cautious_selfish_tactical,0,0,0.0752992492849,0.69314718056,0.0948006026906,0,0,0.143684850474,0.0859565704596,-0.0577282800144
135,narrative,,false,true,0.0718947070949,0.0718947070949,0.0873920753706,0.24750854598,reckless_selfish_tactical,cautious_noble_physical,0,0,0.673996549576,0.69314718056,0.04983361352,0.00742218422546,0.0148443684509,0.0266282881698,0.404443060078,0.377814771908
136,narrative,,true,false,0.018683203125,0.018683203125,0.0269452955676,0.0767726754663,cautious_noble_tactical,reckless_selfish_physical,0.00312009492187,0.0044998643598,0.0836562679966,0.451097288384,0.00842794226801,0,0,0.0194506393748,0.0130452563431,-0.0064053830317
137,narrative,,false,false,0.00350907955137,0.00350907955137,0.00409107213884,0.00954811432696,reckless_selfish_physical,neutral_noble_tactical,0,0,0.488886386108,0,0,0,0,0.00203767442939,0.0143187119788,0.0122810375494
138,narrative,,true,false,0.0625,0.0625,0.0625,0.075,cautious_selfish_physical,reckless_selfish_physical,0.0104375,0.0104375,0.0627242746543,0.451097288384,0.028193580524,0,0,0.0665535949904,0.0327203892041,-0.0338332057863
139,narrative,,false,false,0.082553602494,0.082553602494,0.101345051987,0.179657687457,reckless_noble_physical,cautious_selfish_physical,0,0,1,0,0,0,0,0,0.689031101579,0.689031101579
140,narrative,,false,true,0.164046875,0.12303515625,0.116275632016,0.0334409876542,reckless_noble_physical,reckless_selfish_tactical,0,0,0.143547746221,1.38629436112,0.227417257772,0.0274210413244,0.0671675594606,0.119717190001,0.147410493148,0.027693303147
141,narrative,,false,true,0.5,0.5,0.5,0,cautious_selfish_physical,cautious_selfish_physical,0,0,0.129927474407,0.69314718056,0.34657359028,0.0472040515446,0.0944081030892,0.494253316626,0.542217832483,0.047964515857
142,narrative,,false,true,0.153241189428,0.153241189428,0.170658701225,0.374669448532,reckless_noble_neutral,cautious_neutral_physical,0,0,0.555493563128,1.09861228867,0.168352653835,0.102078000042,0.249152370335,0.0773887267503,0.710488971162,0.633100244412
143,narrative,,false,false,0.0180990656252,0.0180990656252,0.0142855676312,0.0424103462855,cautious_selfish_physical,neutral_noble_tactical,0,0,0.555493563128,0,0,0,0,0.00914025562797,0.0839146874482,0.0747744318202
144,narrative,,false,true,0.126690718907,0.126690718907,0.1517014618,0.246678374792,reckless_noble_physical,cautious_selfish_physical,0,0,0.669837109375,0.69314718056,0.0878153146138,0.038212890625,0.07642578125,0.0475222715491,0.708299280009,0.66077700846
145,narrative,,false,false,0.0168503219754,0.0168503219754,0.0163797263094,0.0261754282403,reckless_selfish_tactical,cautious_neutral_physical,0,0,1,0,0,0,0,0,0.140640693584,0.140640693584
146,narrative,,false,false,0.0789921031104,0.0789921031104,0.0884785109466,0.205169338326,cautious_selfish_physical,reckless_noble_physical,0,0,0,0,0,0,0,0.0897444932488,0,-0.0897444932488
147,narrative,,false,true,0.326682385478,0.140501974778,0.139848168443,0.038910333619,reckless_noble_physical,cautious_selfish_physical,0,0,0.19352342199,0.69314718056,0.226438974433,0.000583878136998,0.001167756274,0.12873549883,0.226944028066,0.098208529236
148,narrative,,false,true,0.153870355012,0.153870355012,0.111955723102,0.157804459551,cautious_selfish_tactical,neutral_noble_physical,0,0,0.235587359628,1.09861228867,0.169043862878,0.0407693964563,0.0864849500974,0.133630916993,0.302558763291,0.168927846298
149,narrative,,false,false,0.0482521089567,0.0482521089567,0.0548732927672,0.122529978559,cautious_selfish_physical,reckless_noble_neutral,0,0,0.555493563128,0,0,0,0,0.0243679215042,0.223716556737,0.199348635233
150,narrative,,false,false,0.00898683838687,0.00898683838687,0.00699952654291,0.013605122182,reckless_selfish_tactical,cautious_neutral_neutral,0,0,0.756853280756,0,0,0,0,0.00248255842812,0.0567703308518,0.0542877724237
151,narrative,,false,true,0.0156191953261,0.0156191953261,0.0215118703164,0.061784148425,reckless_selfish_physical,cautious_noble_tactical,0,0,0.533330603027,0.69314718056,0.0108264012029,0,0,0.00828117782886,0.0695277149483,0.0612465371194
152,narrative,,false,true,0.0158363398634,0.0158363398634,0.0118686124181,0.0258183469536,reckless_noble_physical,reckless_noble_tactical,0,0,0.426496875,0.69314718056,0.0109769143267,0.142165625,0.28433125,0.0103184564401,0.0563733005496,0.0460548441095
153,narrative,,false,true,0.0624429318572,0.0624429318572,0.0670805422205,0.147124585309,cautious_selfish_physical,reckless_noble_tactical,0,0,0.555493563128,1.09861228867,0.0686005722788,0.102078000042,0.249152370335,0.0315344654335,0.289511028838,0.257976563405
154,preterminal,death,false,false,0.0789921031104,0.0789921031104,0.0884785109466,0.205169338326,cautious_selfish_physical,reckless_noble_physical,0.0789921031104,0.0884785109466,0,0,0,0,0,0.0897444932488,0,-0.0897444932488
155,narrative,,false,false,0.161130859375,0.161130859375,0.148404837879,0.138544164609,cautious_noble_tactical,reckless_selfish_tactical,0,0,0.188326119195,0,0,0,0,0.148588236053,0.253274855448,0.104686619395
156,narrative,,false,true,0.0187150909407,0.0187150909407,0.0235192160597,0.147504490066,reckless_selfish_tactical,cautious_noble_physical,0,0,0.711107470703,0.69314718056,0.0129723125194,0,0,0.00614260212776,0.111078492926,0.104935890798
157,narrative,,false,true,0.496454618959,0.496454618959,0.511224169611,0.167686058774,neutral_noble_tactical,cautious_selfish_physical,0,0,0.183712694537,0.69314718056,0.344116119407,0.00578196830729,0.0115639366146,0.460412102551,0.761239856082,0.300827753531
158,narrative,,false,false,0.000724375457764,0.000724375457764,0.00143513337496,0.00548490608852,cautious_noble_physical,reckless_selfish_tactical,0,0,0.127301869483,0,0,0,0,0.000718210758236,0.000769664233044,5.1453474808e-05
159,narrative,,false,true,0.0110126012806,0.0110126012806,0.0173777089711,0.0659900588076,reckless_noble_physical,cautious_selfish_neutral,0,0,0.0463798602312,0.69314718056,0.00763335352831,0.0463798602312,0.0927597204623,0.0119313466259,0.00426306688788,-0.00766827973802
160,narrative,,false,false,0.0359473535475,0.0359473535475,0.0411948529917,0.101444184734,cautious_selfish_tactical,reckless_noble_physical,0,0,0.378426640378,0.69314718056,0.02491680676,0,0,0.0253853671137,0.113540661704,0.0881552945903
161,narrative,,false,false,0.0252754829631,0.0252754829631,0.0224752551305,0.0315289320187,reckless_selfish_physical,reckless_noble_tactical,0,0,0.488886386108,0,0,0,0,0.0146771267423,0.103135980639,0.0884588538967
162,narrative,,false,false,0.0378729430008,0.0378729430008,0.0425115481824,0.084552166901,cautious_selfish_tactical,reckless_noble_physical,0,0,0.0457228880662,0.69314718056,0.0262515236605,0,0,0.0410608272298,0.0144532496602,-0.0266075775696
163,narrative,,false,false,0.0224670959672,0.0224670959672,0.0381664557245,0.170608194882,reckless_noble_physical,cautious_selfish_physical,0,0,0.711107470703,0,0,0,0,0.00737407218219,0.133347530524,0.125973458342
164,narrative,,false,false,2.55803555117e-05,2.55803555117e-05,3.14917330574e-05,0.000110195269702,cautious_selfish_physical,reckless_noble_tactical,0,0,0.555493563128,0,0,0,0,1.2918401053e-05,0.000118601014109,0.000105682613056
165,narrative,,false,false,0.0168503219754,0.0168503219754,0.0163797263094,0.0261754282403,reckless_selfish_tactical,cautious_neutral_physical,0,0,1,0,0,0,0,0,0.140640693584,0.140640693584
166,narrative,,false,false,0.00898683838687,0.00898683838687,0.00802010072564,0.0188498501089,cautious_noble_physical,reckless_neutral_tactical,0,0,0.453167124523,0,0,0,0,0.00558323208312,0.0339913273081,0.028408095225
167,narrative,,false,true,0.263646718074,0.263646718074,0.274732275729,0.269789260255,reckless_noble_tactical,cautious_selfish_physical,0,0,0.17793072623,1.03972077084,0.274118968945,0,0,0.246237911163,0.391539982065,0.145302070902
168,narrative,,false,false,0.132151215368,0.132151215368,0.142209438408,0.299314731722,reckless_noble_neutral,cautious_selfish_physical,0,0,0.44542482815,0,0,0,0,0.0832637021326,0.491301826214,0.408038124081
169,narrative,,true,false,0.00842516098769,0.00842516098769,0.00982250213407,0.0229246442422,reckless_selfish_physical,neutral_noble_tactical,0.000703500942472,0.000820178928195,0.448064372868,0.918695824752,0.00774016022225,0,0,0.00528312357752,0.0315080420854,0.0262249185079
170,narrative,,true,false,0.260308176116,0.260308176116,0.278068245034,0.193781232011,cautious_noble_tactical,cautious_selfish_physical,0.0434714654113,0.0464373969207,0.153032674549,0.451097288384,0.11742431239,0,0,0.250483197412,0.332487079677,0.082003882265
171,narrative,,false,false,0.0637028509663,0.0637028509663,0.0493983917086,0.121229097115,reckless_noble_neutral,cautious_noble_physical,0,0,0.485917994346,0,0,0,0,0.0372062075739,0.258359625877,0.221153418303
172,narrative,,false,true,0.00376913041644,0.00376913041644,0.00436092666163,0.0149047017105,cautious_selfish_physical,reckless_noble_tactical,0,0,0.454518566541,1.03972077084,0.00391884318198,0.109182568132,0.218365136263,0.00233585172265,0.014298668213,0.0119628164903
173,narrative,,false,false,0.00144875091553,0.00144875091553,0.00287026674992,0.0109698121771,cautious_noble_physical,reckless_selfish_tactical,0,0,0.0636509347413,0.69314718056,0.00100419761243,0,0,0.00154118806634,0.000769664233044,-0.000771523833296
174,narrative,,false,false,0.0168503219754,0.0168503219754,0.012836809339,0.0194011061137,reckless_selfish_tactical,neutral_selfish_physical,0,0,0.711107470703,0,0,0,0,0.00553055413664,0.100010647893,0.0944800937564
175,narrative,,false,true,0.0269605151606,0.0269605151606,0.0209912666333,0.0360683012543,reckless_selfish_tactical,neutral_selfish_physical,0,0,0.711107470703,1.03972077084,0.028031407605,0,0,0.00884888661863,0.160017036628,0.151168150009
176,narrative,,false,true,0.0394960515552,0.0394960515552,0.0338658687322,0.113104878013,cautious_selfish_physical,neutral_noble_tactical,0,0,0.479122063922,0.69314718056,0.0273765767787,0.0163959258361,0.0327918516723,0.0233729632089,0.157943823698,0.134570860489
177,narrative,,false,false,0.00898683838687,0.00898683838687,0.00766645054532,0.0164945442237,reckless_selfish_physical,cautious_noble_tactical,0,0,0.756853280756,0,0,0,0,0.00248255842812,0.0567703308518,0.0542877724237
178,narrative,,false,true,0.131823359037,0.131823359037,0.137366137865,0.134894630128,reckless_noble_tactical,cautious_selfish_physical,0,0,0.17793072623,0.69314718056,0.0913729896484,0,0,0.123118955582,0.195769991033,0.072651035451
179,narrative,,false,true,0.0354749828548,0.0354749828548,0.0294386206108,0.0561523268888,reckless_selfish_tactical,cautious_noble_physical,0,0,0.711107470703,0.69314718056,0.0245893843462,0,0,0.0116434756239,0.210552417009,0.198908941385
180,narrative,,true,false,0.0404407727409,0.0404407727409,0.03825120579,0.0454153906034,reckless_selfish_tactical,cautious_neutral_physical,0.00337680452387,0.00319397568346,0.723953129224,0.918695824752,0.0371527690668,0,0,0.0126831289141,0.24436144852,0.231678319606
181,narrative,,false,false,0.0168503219754,0.0168503219754,0.0163797263094,0.0261754282403,reckless_selfish_tactical,cautious_neutral_physical,0,0,0.711107470703,0,0,0,0,0.00553055413664,0.100010647893,0.0944800937564
182,narrative,,false,false,0.0134802575803,0.0134802575803,0.0104956333166,0.0180341506272,reckless_selfish_tactical,neutral_selfish_physical,0,0,0.711107470703,0,0,0,0,0.00442444330931,0.0800085183142,0.0755840750049
183,narrative,,false,true,0.17620162049,0.17620162049,0.143985406486,0.164510213483,reckless_noble_tactical,neutral_selfish_physical,0,0,0.206759042929,0.69314718056,0.122133656453,0.115313266797,0.230626533593,0.158795854609,0.304072543656,0.145276689047
184,narrative,,false,false,0.0149069324085,0.0149069324085,0.0144797396868,0.0299913248646,reckless_noble_tactical,cautious_selfish_physical,0,0,0.44542482815,0,0,0,0,0.00939231906661,0.0554198695425,0.0460275504759
185,preterminal,death,false,false,0.0220357000391,0.0220357000391,0.0245159944355,0.0583297880684,cautious_noble_physical,reckless_selfish_tactical,0.0220357000391,0.0245159944355,0,0,0,0,0,0.0250351953616,0,-0.0250351953616
186,narrative,,false,false,0.0455546875,0.0455546875,0.0584061540981,0.142372222222,cautious_selfish_tactical,reckless_noble_physical,0,0,0.127301869483,0,0,0,0,0.0451670004829,0.0484028182353,0.0032358177524
187,narrative,,false,true,0.013015625,0.013015625,0.0101572916667,0.0267866666667,reckless_selfish_physical,neutral_noble_tactical,0,0,0.12982751123,0.69314718056,0.00902174377198,0.00252564174752,0.00505128349505,0.0128675098348,0.0141037485008,0.001236238666
188,narrative,,false,false,0.111479989191,0.111479989191,0.145695865194,0.390001079885,reckless_noble_neutral,cautious_selfish_physical,0,0,0.485917994346,0,0,0,0,0.0651108632544,0.452129345285,0.387018482031
189,narrative,,false,false,0.00216706153293,0.00216706153293,0.00244186533984,0.00777100685319,cautious_selfish_physical,reckless_noble_tactical,0,0,0.555493563128,0,0,0,0,0.00109439331194,0.0100473855934,0.00895299228146
190,narrative,,false,true,0.0299508856338,0.0299508856338,0.0293002605808,0.120969124704,reckless_selfish_tactical,cautious_noble_physical,0,0,0.711107470703,0.69314718056,0.0207603719324,0,0,0.00983037562608,0.177765592941,0.167935217315
191,narrative,,true,false,0.016518901921,0.016518901921,0.0224563585763,0.0738424029079,reckless_noble_physical,cautious_selfish_neutral,0.0013793283104,0.00187510594112,0.0927597204623,0.918695824752,0.0151758462243,0,0,0.0170265881509,0.0127892006636,-0.0042373874873
192,narrative,,false,true,0.0955542764494,0.0955542764494,0.0730332683151,0.109591925244,cautious_selfish_tactical,cautious_noble_physical,0,0,0.404931661955,0.69314718056,0.0662331773114,0.080986332391,0.161972664782,0.0646012772159,0.322949532346,0.25834825513
193,narrative,,false,true,0.0329002109455,0.0329002109455,0.0454923309645,0.163273535583,cautious_selfish_tactical,reckless_noble_physical,0,0,0.479122063922,0.69314718056,0.0228046884567,0.0163959258361,0.0327918516723,0.019469678353,0.13156720514,0.112097526787
194,narrative,,false,true,0.167889094394,0.167889094394,0.179997755956,0.376978180725,cautious_selfish_tactical,reckless_noble_physical,0,0,0.203908821194,0.69314718056,0.116371852426,0.0316785384341,0.0633570768683,0.151848124075,0.285733588974,0.133885464899
195,narrative,,false,true,0.0231800146484,0.0231800146484,0.0200557929695,0.028453614,cautious_noble_physical,reckless_selfish_tactical,0,0,0.123323686061,0.69314718056,0.0160671617989,0.00397818342133,0.00795636684267,0.0230875108134,0.0238595912244,0.000772080411
196,narrative,,false,true,0.0361973482593,0.0361973482593,0.0315356538224,0.0591082622525,reckless_selfish_tactical,neutral_noble_physical,0,0,0.834918554687,0.69314718056,0.0250900898896,0.165081445313,0.330162890625,0.00678889593558,0.252245637836,0.2454567419
197,narrative,,false,false,0.00376913041644,0.00376913041644,0.00436092666163,0.0149047017105,cautious_selfish_physical,reckless_noble_tactical,0,0,0.454518566541,0,0,0,0,0.00233585172265,0.014298668213,0.0119628164903
198,narrative,,false,true,0.0158363398634,0.0158363398634,0.013298108804,0.0236936314887,reckless_noble_physical,cautious_selfish_physical,0,0,0.5632484375,0.69314718056,0.0109769143267,0.1367515625,0.273503125,0.00785802513772,0.0744487833617,0.066590758224
199,narrative,,false,false,0.0512901183373,0.0512901183373,0.0355642106938,0.0851752103406,cautious_selfish_physical,neutral_noble_tactical,0,0,0.264415676327,0,0,0,0,0.042863763412,0.113194075368,0.070330311956
200,narrative,,false,true,0.264302430736,0.264302430736,0.284418876817,0.598629463444,reckless_noble_neutral,cautious_selfish_physical,0,0,0.322072309726,0.69314718056,0.183200484679,0,0,0.203567603224,0.710488971162,0.506921367938
201,narrative,,false,true,0.222666713942,0.109271628138,0.108472776421,0.0256505801879,reckless_noble_physical,cautious_selfish_physical,0,0,0.191771787579,1.09861228867,0.244624388214,0.00108293261808,0.00245228817539,0.100338026072,0.174902060671,0.074564034599
202,narrative,,false,false,0.0208143106191,0.0208143106191,0.0238428009236,0.0950816494334,cautious_selfish_physical,reckless_noble_physical,0,0,0.567639960567,0,0,0,0,0.0102242559292,0.0986138213544,0.0883895654252
203,narrative,,false,false,0.00247343833242,0.00247343833242,0.00176705112974,0.00321105625646,reckless_noble_physical,neutral_noble_tactical,0,0,0.35,0.69314718056,0.0017144568064,0,0,0.00182657948883,0.0072255669115,0.00539898742267
204,narrative,,false,false,5.11607110233e-05,5.11607110233e-05,5.25401479274e-05,0.000183460520126,cautious_selfish_physical,reckless_noble_tactical,0,0,0.555493563128,0,0,0,0,2.5836802106e-05,0.000237202028219,0.000211365226113
205,narrative,,false,false,0.00898683838687,0.00898683838687,0.00960272435223,0.0215240936269,reckless_selfish_tactical,cautious_neutral_physical,0,0,0.855553735352,0.69314718056,0.00622920169,0,0,0.00147481443644,0.0641736910606,0.0626988766242
206,narrative,,false,false,0.000102321422047,0.000102321422047,0.000105080295855,0.000366921040252,cautious_selfish_physical,reckless_noble_tactical,0,0,0.555493563128,0,0,0,0,5.16736042121e-05,0.000474404056437,0.000422730452225
207,narrative,,false,false,0.0875508793081,0.0875508793081,0.0862623144679,0.0052864954745,reckless_noble_physical,cautious_selfish_physical,0,0,0.189494662844,0,0,0,0,0.0806195786617,0.138471466108,0.0578518874463
208,narrative,,true,true,0.167889094394,0.167889094394,0.179997755956,0.376978180725,cautious_selfish_tactical,reckless_noble_physical,0.0280374787638,0.0300596252447,0.17223028276,1.02848888979,0.172672068301,0.0288283166991,0.0576566333983,0.15789055585,0.241343049971,0.083452494121
209,narrative,,false,false,0.0463299602713,0.0463299602713,0.0504533705239,0.104195444117,reckless_selfish_physical,cautious_noble_tactical,0,0,0.488886386108,0,0,0,0,0.0269031733187,0.189048252512,0.162145079193
210,narrative,,false,true,0.00461708488718,0.00461708488718,0.00542780546941,0.0188216070792,cautious_selfish_tactical,cautious_selfish_physical,0,0,1,0.69314718056,0.00320031937196,0,0,0,0.0385363568613,0.0385363568613
211,narrative,,false,true,0.00579500366211,0.00579500366211,0.0081940293563,0.0272955973162,cautious_noble_physical,reckless_selfish_tactical,0,0,0.111389135797,1.03972077084,0.00602518567459,0.0318254673707,0.0636509347413,0.00585045261575,0.00538764963131,-0.00046280298444
212,narrative,,false,false,0.0168503219754,0.0168503219754,0.0163797263094,0.0261754282403,reckless_selfish_tactical,cautious_neutral_physical,0,0,1,0,0,0,0,0,0.140640693584,0.140640693584
213,narrative,,false,false,0.332600888213,0.332600888213,0.326464948665,0.115285545778,reckless_noble_tactical,cautious_selfish_physical,0,0,0.114774505912,0,0,0,0,0.334504103984,0.318618972145,-0.015885131839
214,narrative,,false,false,0.0347083333333,0.02603125,0.02603125,0.0312375,cautious_selfish_physical,reckless_selfish_physical,0,0,0.130143216449,0,0,0,0,0.0257256828082,0.0282760899671,0.0025504071589
215,narrative,,false,true,0.070296875,0.070296875,0.0619517578913,0.0590106995884,reckless_noble_physical,neutral_selfish_tactical,0,0,0.121158559734,0.69314718056,0.0487260807084,0,0,0.0701892625003,0.0710874469161,0.0008981844158
216,narrative,,false,false,0.0659116795185,0.0659116795185,0.0586706124468,0.0711430614402,cautious_selfish_physical,neutral_noble_tactical,0,0,0.17793072623,0,0,0,0,0.0615594777908,0.0978849955163,0.0363255177255
217,narrative,,false,true,0.0633453594537,0.0633453594537,0.0893419241057,0.211906411709,reckless_noble_physical,cautious_noble_neutral,0,0,0.63162421875,0.69314718056,0.0439076573069,0.06837578125,0.1367515625,0.0265112379461,0.333946099071,0.307434861125
218,narrative,,false,false,0.0179736767737,0.0179736767737,0.0260262037823,0.0839577139137,reckless_selfish_tactical,cautious_noble_physical,0,0,0.651729996899,0,0,0,0,0.00711176062048,0.09777040938,0.0906586487595
219,preterminal,death,false,false,0.0195239941576,0.0195239941576,0.017578796676,0.0206285897965,reckless_selfish_physical,reckless_noble_tactical,0.0195239941576,0.017578796676,0,0,0,0,0,0.0221815965504,0,-0.0221815965504
220,narrative,,true,false,0.0550630064032,0.0550630064032,0.0470742041453,0.105829725927,cautious_selfish_tactical,neutral_selfish_physical,0.00459776103467,0.00393069604613,0.0927597204623,0.918695824752,0.0505861540809,0,0,0.0567552938362,0.0426306688788,-0.0141246249574
221,narrative,,false,false,0.0252026053205,0.0252026053205,0.044460804491,0.188460232641,reckless_selfish_tactical,cautious_selfish_physical,0,0,0.711107470703,0,0,0,0,0.00827191155832,0.149583425787,0.141311514229
222,narrative,,false,true,0.375,0.375,0.375,0.15,reckless_selfish_physical,cautious_selfish_physical,0,0,0.177131525951,1.03972077084,0.389895289065,0.0223891864869,0.0447783729738,0.350578940676,0.554408560454,0.203829619778
223,narrative,,false,true,0.0359473535475,0.0359473535475,0.035339667806,0.0795931181523,reckless_selfish_tactical,cautious_noble_physical,0,0,0.681418733801,0.69314718056,0.02491680676,0.0296887369019,0.0593774738037,0.0130110183662,0.204448433799,0.191437415433
224,narrative,,false,false,0.0624429318572,0.0624429318572,0.0670805422205,0.147124585309,cautious_selfish_physical,reckless_noble_tactical,0,0,0.555493563128,0,0,0,0,0.0315344654335,0.289511028838,0.257976563405
225,narrative,,false,true,0.02603125,0.02603125,0.02088625,0.03675,reckless_selfish_physical,neutral_selfish_tactical,0,0,0.131090332104,0.69314718056,0.018043487544,0.00126282087376,0.00252564174752,0.0256976722237,0.0284818688637,0.00278419664
226,narrative,,false,false,0.026495703125,0.026495703125,0.0253204472044,0.0428416278229,cautious_noble_tactical,reckless_selfish_physical,0,0,0.086080879434,0.69314718056,0.018365421918,0,0,0.0275110613505,0.0190364051822,-0.0084746561683
227,narrative,,true,false,7.22353844311e-05,7.22353844311e-05,9.89044161117e-05,0.000333299267627,cautious_selfish_tactical,reckless_noble_physical,1.20633092e-05,1.65170374906e-05,0.231363069043,1.02848888979,7.42932903371e-05,0,0,6.30805350813e-05,0.000139491203322,7.64106682407e-05
228,narrative,,false,true,0.0585703125,0.0585703125,0.0457188459019,0.0579833333333,reckless_noble_physical,neutral_selfish_tactical,0,0,0.132353152978,0.69314718056,0.0405978469739,0.0111945932434,0.0223891864869,0.0577357307498,0.064701541633,0.0069658108832
229,narrative,,true,true,0.125,0.125,0.125,0.15,cautious_selfish_physical,reckless_selfish_physical,0.020875,0.020875,0.108409299302,1.02848888979,0.128561111224,0,0,0.126619232285,0.113104359868,-0.013514872417
230,narrative,,false,false,0.0028072636411,0.0028072636411,0.00352788240896,0.0221256735099,reckless_selfish_tactical,cautious_noble_physical,0,0,0.711107470703,0,0,0,0,0.000921390319165,0.0166617739389,0.0157403836197
231,narrative,,true,false,0.00791816993171,0.00791816993171,0.005101866619,0.00750047884599,reckless_noble_physical,neutral_noble_tactical,0.000661167189298,0.000426005862687,0.5686625,1.20739162545,0.00956033206448,0,0,0.00388030771824,0.0375822003664,0.0337018926482
232,narrative,,false,true,0.00898683838687,0.00898683838687,0.00730498120358,0.00800259113207,reckless_selfish_tactical,cautious_neutral_physical,0,0,0.789753432288,0.69314718056,0.00622920169,0.065800303064,0.131600606128,0.00214664376423,0.0592381175881,0.0570914738239
233,narrative,,false,false,5.11607110233e-05,5.11607110233e-05,5.25401479274e-05,0.000183460520126,cautious_selfish_physical,reckless_noble_tactical,0,0,0.555493563128,0,0,0,0,2.5836802106e-05,0.000237202028219,0.000211365226113
234,preterminal,death,false,false,0.0672167884916,0.0672167884916,0.0717013796239,0.170559351712,reckless_noble_tactical,cautious_selfish_physical,0.0672167884916,0.0717013796239,0,0,0,0,0,0.0763663250307,0,-0.0763663250307
235,narrative,,false,true,0.157984206221,0.157984206221,0.176957021893,0.410338676651,cautious_selfish_physical,reckless_noble_physical,0,0,0.219557685792,1.03972077084,0.164259460672,0.219557685792,0.439115371584,0.140080799997,0.289511028838,0.149430228841
236,narrative,,false,false,0.00449341919343,0.00449341919343,0.00401005036282,0.00942492505445,cautious_noble_physical,reckless_neutral_tactical,0,0,0.453167124523,0,0,0,0,0.00279161604156,0.016995663654,0.0142040476124
237,narrative,,false,false,0.0875914200786,0.0875914200786,0.0975471284512,0.214158015737,reckless_noble_neutral,cautious_neutral_physical,0,0,0.509109850607,0.69314718056,0.0607137458688,0,0,0.0488506129684,0.372199566773,0.323348953805
238,narrative,,false,true,0.135899872359,0.0857463480359,0.0853389707985,0.0235630992414,reckless_noble_physical,cautious_selfish_physical,0,0,0.192705992598,0.69314718056,0.094198613364,0.00140130752879,0.00280261505759,0.0786450682959,0.137915681014,0.0592706127181
239,narrative,,false,true,0.0130075722265,0.0130075722265,0.0105879076299,0.0299087278668,cautious_selfish_physical,neutral_noble_tactical,0,0,0.509109850607,0.69314718056,0.00901616201472,0.0463837125212,0.0927674250423,0.00725445341477,0.0552726824513,0.0480182290365
240,narrative,,false,false,5.11607110233e-05,5.11607110233e-05,5.25401479274e-05,0.000183460520126,cautious_selfish_physical,reckless_noble_tactical,0,0,0.555493563128,0,0,0,0,2.5836802106e-05,0.000237202028219,0.000211365226113
241,narrative,,false,false,0.0625,0.0625,0.0683797662522,0.193902439024,reckless_selfish_physical,cautious_noble_tactical,0,0,0.0874709063017,0,0,0,0,0.0647963988362,0.0456295766511,-0.0191668221851
242,narrative,,false,false,0.0179736767737,0.0179736767737,0.0160402014513,0.0376997002178,cautious_noble_physical,reckless_neutral_tactical,0,0,0.339875343393,0.69314718056,0.01245840338,0,0,0.013479910689,0.0509869909621,0.0375070802731
243,narrative,,false,false,0.047341178751,0.047341178751,0.0416824964123,0.0364403993295,reckless_selfish_physical,neutral_noble_tactical,0,0,0.0914457761324,0,0,0,0,0.0488668170238,0.0361331241505,-0.0127336928733
244,narrative,,false,false,0.00289750183105,0.00289750183105,0.00409701467815,0.0136477986581,cautious_noble_physical,reckless_selfish_tactical,0,0,0.127301869483,0,0,0,0,0.00287284303295,0.00307865693218,0.00020581389923
245,narrative,,false,false,0.00935754547033,0.00935754547033,0.0117596080299,0.0737522450331,reckless_selfish_tactical,cautious_noble_physical,0,0,0.711107470703,0,0,0,0,0.00307130106388,0.0555392464631,0.0524679453992
246,narrative,,true,false,0.00452476640629,0.00452476640629,0.00523520607639,0.0178927991723,cautious_selfish_physical,reckless_noble_tactical,0.00075563598985,0.000874279414756,0.378613965928,0.451097288384,0.00204110985645,0,0,0.00319434474055,0.014298668213,0.0111043234725
247,narrative,,false,true,0.0220252025613,0.0220252025613,0.0275350081815,0.0926853054288,reckless_noble_physical,cautious_selfish_physical,0,0,0.0695697903468,0.69314718056,0.0152667070566,0.0231899301156,0.0463798602312,0.0232824053931,0.0127892006636,-0.0104932047295
248,narrative,,false,true,0.123294194062,0.123294194062,0.11912585335,0.134151642814,cautious_noble_physical,reckless_selfish_tactical,0,0,0.100427692673,0.69314718056,0.0854610229938,0.014346813239,0.028693626478,0.126009368903,0.10334724569,-0.022662123213
249,narrative,,false,true,0.0168503219754,0.0168503219754,0.0177922072308,0.0367133342835,cautious_selfish_physical,reckless_noble_tactical,0,0,0.468475379488,0.69314718056,0.0116797531688,0.02041100662,0.0408220132401,0.0101754991583,0.0658867022985,0.0557112031402
250,narrative,,false,true,0.07809375,0.07809375,0.08323875,0.13965,cautious_selfish_tactical,reckless_selfish_physical,0,0,0.12982751123,0.69314718056,0.0541304626319,0.00252564174752,0.00505128349505,0.077205059009,0.0846224910046,0.0074174319956
251,narrative,,false,false,0.0359473535475,0.0359473535475,0.031287629018,0.0638666029279,reckless_selfish_physical,cautious_neutral_neutral,0,0,0.756853280756,0,0,0,0,0.0099302337125,0.227081323407,0.217151089694
252,narrative,,false,true,0.32226171875,0.32226171875,0.320008544005,0.122147968107,reckless_noble_physical,cautious_selfish_physical,0,0,0.188326119195,0.69314718056,0.223374801754,0,0,0.297176472107,0.506549710896,0.209373238789
253,narrative,,true,false,0.0361981312503,0.0361981312503,0.0487247600673,0.141074461121,cautious_selfish_tactical,reckless_noble_physical,0.0060450879188,0.00813703493124,0.462726138085,0.451097288384,0.0163288788516,0,0,0.0220956100194,0.139801869289,0.11770625927
254,narrative,,false,true,0.0789921031104,0.0789921031104,0.0884785109466,0.205169338326,cautious_selfish_physical,reckless_noble_physical,0,0,0.219557685792,0.69314718056,0.0547531535574,0.219557685792,0.439115371584,0.0700403999985,0.144755514419,0.0747151144205
255,narrative,,true,false,0.189656910229,0.189656910229,0.212433399631,0.492603453364,cautious_selfish_physical,reckless_noble_physical,0.0316727040082,0.0354763777384,0.182891552265,0.451097288384,0.0855537179275,0,0,0.176064786486,0.289511028838,0.113446242352
256,narrative,,false,false,0.0482521089567,0.0482521089567,0.0548732927672,0.122529978559,cautious_selfish_physical,reckless_noble_neutral,0,0,0.555493563128,0,0,0,0,0.0243679215042,0.223716556737,0.199348635233
257,narrative,,false,true,0.0168503219754,0.0168503219754,0.0230740204224,0.0814330426175,reckless_selfish_physical,cautious_noble_tactical,0,0,0.448064372868,0.69314718056,0.0116797531688,0.0408220132401,0.0816440264801,0.010566247155,0.0630160841707,0.0524498370157
258,narrative,,false,false,0.0189364715004,0.0189364715004,0.0212557740912,0.0422760834505,cautious_selfish_tactical,reckless_noble_physical,0,0,0.0914457761324,0,0,0,0,0.0195467268095,0.0144532496602,-0.0050934771493
259,preterminal,death,false,false,0.000724375457764,0.000724375457764,0.00143513337496,0.00548490608852,cautious_noble_physical,reckless_selfish_tactical,0.000724375457764,0.00143513337496,0,0,0,0,0,0.000822977308099,0,-0.000822977308099
260,narrative,,true,false,0.0224670959672,0.0224670959672,0.0282343530129,0.177076218566,reckless_selfish_tactical,cautious_noble_physical,0.00375200502652,0.00471513695315,0.592352523096,0.451097288384,0.0101348460686,0,0,0.010405329369,0.111078492926,0.100673163557
261,narrative,,false,true,0.167889094394,0.167889094394,0.158248039762,0.273305659389,reckless_noble_tactical,neutral_selfish_physical,0,0,0.175080504495,0.69314718056,0.116371852426,0.002850221735,0.00570044346999,0.157346898496,0.245337011983,0.087990113487
262,narrative,,false,true,0.0220252025613,0.0220252025613,0.0275350081815,0.0926853054288,reckless_noble_physical,cautious_selfish_physical,0,0,0.0463798602312,0.69314718056,0.0152667070566,0.0463798602312,0.0927597204623,0.0238626932518,0.00852613377576,-0.015336559476
263,narrative,,false,true,0.0757458860016,0.0757458860016,0.0768302666965,0.0463659025859,cautious_selfish_physical,reckless_noble_physical,0,0,0.186019406866,0.69314718056,0.052503047321,0.00230671232889,0.00461342465779,0.0700482408833,0.117603460446,0.0475552195627
264,narrative,,false,true,0.468807191423,0.468807191423,0.51316626821,0.325429810352,neutral_noble_tactical,cautious_selfish_physical,0,0,0.17793072623,0.69314718056,0.324952382961,0.0864849500974,0.172969900195,0.43785147184,0.696222432286,0.258370960446
265,narrative,,false,false,0.153241189428,0.153241189428,0.170658701225,0.374669448532,reckless_noble_neutral,cautious_neutral_physical,0,0,0.555493563128,0,0,0,0,0.0773887267503,0.710488971162,0.633100244412
266,narrative,,false,false,0.0210544773082,0.0210544773082,0.0279781153935,0.087334224389,reckless_selfish_physical,cautious_noble_tactical,0,0,0.488886386108,0,0,0,0,0.0122260465764,0.0859122718727,0.0736862252963
267,narrative,,false,false,0.0520625,0.0520625,0.062036832211,0.16028939394,cautious_noble_physical,reckless_selfish_tactical,0,0,0.130143216449,0,0,0,0,0.0514513656163,0.0565521799342,0.0051008143179
268,narrative,,false,false,0.0429527871466,0.0429527871466,0.0498466021506,0.107892137951,reckless_selfish_physical,cautious_noble_tactical,0,0,0.711107470703,0,0,0,0,0.0140978145688,0.254934954811,0.240837140242
269,narrative,,false,true,0.0527666844249,0.0527666844249,0.0519454948989,0.116403674173,cautious_selfish_tactical,cautious_selfish_physical,0,0,0.85,0.69314718056,0.0365750785366,0.15,0.3,0.00899239132965,0.374353180939,0.365360789609
270,narrative,,false,false,0.00361176922155,0.00361176922155,0.0040697755664,0.0129516780887,cautious_selfish_physical,reckless_noble_tactical,0,0,0.34903327052,0,0,0,0,0.00267117854749,0.0105217896499,0.00785061110241
271,preterminal,death,false,false,3.00860376155e-05,3.00860376155e-05,4.11936893105e-05,0.000138819144967,cautious_selfish_tactical,reckless_noble_physical,3.00860376155e-05,4.11936893105e-05,0,0,0,0,0,3.41813433667e-05,0,-3.41813433667e-05
272,narrative,,false,false,0.27353671875,0.27353671875,0.290329503372,0.20056728243,reckless_noble_neutral,cautious_selfish_tactical,0,0,0.0752992492849,0.69314718056,0.189601205381,0,0,0.287369700948,0.171913140919,-0.115456560029
273,narrative,,false,true,0.0653354384273,0.0653354384273,0.0791490560085,0.22527616925,reckless_selfish_tactical,cautious_selfish_physical,0,0,0.711107470703,0.69314718056,0.0452870749365,0,0,0.0214441706094,0.38778128614,0.366337115531
274,narrative,,false,false,0.00435879128906,0.00435879128906,0.00316695650633,0.00670743538353,cautious_noble_tactical,neutral_selfish_physical,0,0,0.114774505912,0,0,0,0,0.0043837332559,0.00417555589758,-0.00020817735832
275,narrative,,false,false,0.25,0.25,0.25,0,cautious_selfish_physical,cautious_selfish_physical,0,0,0.0766192027301,0.69314718056,0.17328679514,0,0,0.262267804197,0.159874954164,-0.102392850033
276,narrative,,false,false,0.0569640216797,0.0569640216797,0.0585386811455,0.0718098642988,reckless_noble_tactical,cautious_selfish_physical,0,0,0.114774505912,0,0,0,0,0.0572899823981,0.0545693612978,-0.0027206211003
277,narrative,,false,false,0.0440714000781,0.0440714000781,0.0424416869397,0.0486039712986,cautious_noble_tactical,reckless_selfish_neutral,0,0,0.086080879434,0,0,0,0,0.0457602874561,0.0316640409531,-0.014096246503
278,narrative,,false,false,0.0301530433315,0.0301530433315,0.040587725136,0.117515026113,cautious_selfish_tactical,reckless_noble_physical,0,0,0.555493563128,0,0,0,0,0.0152276658762,0.139801869289,0.124574203413
279,narrative,,false,false,0.03736640625,0.03736640625,0.0298234382682,0.0556391153846,reckless_noble_physical,neutral_selfish_tactical,0,0,0.0886876953996,0.610864302055,0.0228258036742,0,0,0.0386876809991,0.0276597019846,-0.0110279790145
280,narrative,,false,true,0.173538784077,0.173538784077,0.174696327713,0.32688499802,reckless_noble_tactical,cautious_selfish_physical,0,0,0.0765163372747,0.69314718056,0.120287918901,0.0765163372747,0.153032674549,0.182074824412,0.110829026559,-0.071245797853
281,narrative,,false,true,0.29893125,0.29893125,0.299531395885,0.102637582417,reckless_noble_physical,cautious_selfish_tactical,0,0,0.0874709063017,0.69314718056,0.207203353119,0.00648852562251,0.012977051245,0.309914695993,0.218241702165,-0.091672993828
282,narrative,,false,false,0.00807989855257,0.00807989855257,0.00833704852144,0.025278696599,cautious_selfish_tactical,cautious_selfish_physical,0,0,1,0,0,0,0,0,0.0674386245074,0.0674386245074
283,narrative,,true,false,0.0683841796875,0.0683841796875,0.0748886825691,0.137349094076,reckless_noble_tactical,cautious_selfish_physical,0.0114201580078,0.012506409989,0.0956071634247,0.451097288384,0.0308479180254,0,0,0.0702646501544,0.0545693612978,-0.0156952888566
284,narrative,,false,false,0.0718947070949,0.0718947070949,0.0778646860656,0.141004674788,reckless_selfish_physical,cautious_noble_tactical,0,0,0.424844179241,0,0,0,0,0.0469793031878,0.254934954811,0.207955651623
285,narrative,,false,false,0.04375,0.04375,0.0355841554321,0.06,cautious_selfish_tactical,cautious_noble_physical,0,0,0.0874709063017,0,0,0,0,0.0453574791853,0.0319407036558,-0.0134167755295
286,preterminal,death,false,false,0.0179736767737,0.0179736767737,0.0205974264958,0.0507220923671,cautious_selfish_tactical,reckless_noble_physical,0.0179736767737,0.0205974264958,0,0,0,0,0,0.0204202502575,0,-0.0204202502575
287,narrative,,false,true,0.0457556707422,0.0457556707422,0.0473870477698,0.0241449532069,reckless_noble_physical,cautious_selfish_physical,0,0,0.114774505912,0.69314718056,0.0317154141696,0,0,0.0460174948,0.0438321883625,-0.0021853064375
288,narrative,,false,false,0.101849296289,0.101849296289,0.110177140634,0.163570757556,reckless_selfish_physical,cautious_noble_tactical,0,0,0.711107470703,0,0,0,0,0.0334286221788,0.604499672124,0.571071049945
289,narrative,,false,false,0.00807989855257,0.00807989855257,0.00833704852144,0.025278696599,cautious_selfish_tactical,cautious_selfish_physical,0,0,1,0,0,0,0,0,0.0674386245074,0.0674386245074
290,narrative,,false,false,0.0102529296875,0.00946424278846,0.0112498907748,0.0274946922687,cautious_noble_tactical,reckless_selfish_physical,0,0,0.143547746221,0,0,0,0,0.00920901461544,0.0113392687037,0.00213025408826
291,narrative,,false,false,0.0520625,0.0520625,0.0520625,0.062475,cautious_selfish_physical,reckless_selfish_physical,0,0,0.0752992492849,0,0,0,0,0.0546953444641,0.0327203892041,-0.02197495526
292,preterminal,death,false,false,0.00449341919343,0.00449341919343,0.00401005036282,0.00942492505445,cautious_noble_physical,reckless_neutral_tactical,0.00449341919343,0.00401005036282,0,0,0,0,0,0.00510506256436,0,-0.00510506256436
293,narrative,,false,false,0.17393125,0.17393125,0.168651629633,0.1875,cautious_selfish_physical,cautious_noble_tactical,0,0,0.0874709063017,0,0,0,0,0.180321898321,0.126982548862,-0.053339349459
294,narrative,,false,false,0.00935754547033,0.00935754547033,0.0117596080299,0.0737522450331,reckless_selfish_tactical,cautious_noble_physical,0,0,0.711107470703,1.08889997535,0.0101894310319,0,0,0.00307130106388,0.0555392464631,0.0524679453992
295,narrative,,false,true,0.0440714000781,0.0440714000781,0.0424416869397,0.0486039712986,cautious_noble_tactical,reckless_selfish_neutral,0,0,0.057387252956,0.69314718056,0.0305479667075,0.057387252956,0.114774505912,0.0471969885451,0.0211093606354,-0.0260876279097
296,narrative,,false,false,0.00904953281258,0.00904953281258,0.00817393599915,0.0218979583891,cautious_selfish_physical,neutral_noble_tactical,0,0,0.454518566541,0,0,0,0,0.00560828744934,0.0343305359255,0.0287222484762
297,narrative,,false,false,0.0237199707031,0.0237199707031,0.0202536124686,0.0159623763228,cautious_noble_tactical,reckless_selfish_tactical,0,0,0.114774505912,0,0,0,0,0.0238557016165,0.0227228277271,-0.0011328738894
298,narrative,,false,true,0.136768359375,0.136768359375,0.145164751686,0.100283641215,reckless_noble_neutral,cautious_selfish_tactical,0,0,0.08686038962,0.69314718056,0.0948006026906,0.0231222806702,0.0462445613404,0.141888419878,0.0991539925221,-0.0427344273559
299,narrative,,false,true,0.000144470768862,0.000144470768862,0.000162791022656,0.000518067123546,cautious_selfish_physical,reckless_noble_tactical,0,0,0.393428316085,0.69314718056,0.00010013950611,0.162065247043,0.324130494085,9.95603121459e-05,0.000474404056437,0.000374843744291
300,narrative,,false,false,0.0616470970312,0.0616470970312,0.0595629266749,0.0670758214071,cautious_noble_physical,reckless_selfish_tactical,0,0,0.114774505912,0,0,0,0,0.0619998553415,0.0590555689655,-0.002944286376
301,narrative,,false,false,0.0694166666667,0.0694166666667,0.0694166666668,0.0833000000003,cautious_selfish_physical,reckless_selfish_physical,0,0,0.130143216449,0,0,0,0,0.0686018208218,0.0754029065789,0.0068010857571
302,narrative,,false,false,0.0625,0.0625,0.0508345077601,0.0857142857143,cautious_selfish_tactical,cautious_noble_physical,0,0,0.083088613896,0.610864302055,0.0381790188784,0,0,0.0651075744124,0.0433435348609,-0.0217640395515
303,narrative,,false,false,0.175182840157,0.175182840157,0.195094256902,0.428316031474,reckless_noble_neutral,cautious_neutral_physical,0,0,0.485917994346,0.69314718056,0.121427491738,0,0,0.102317070828,0.710488971162,0.608171900334
304,narrative,,false,false,0.0569640216797,0.0569640216797,0.0517688921496,0.0874549234574,cautious_noble_tactical,reckless_selfish_physical,0,0,0.114774505912,0,0,0,0,0.0572899823981,0.0545693612978,-0.0027206211003
305,narrative,,false,false,0.205152539063,0.205152539063,0.208735512879,0.058903997045,reckless_noble_neutral,cautious_selfish_tactical,0,0,0.0752992492849,0,0,0,0,0.215527275711,0.128934855689,-0.086592420022
306,preterminal,death,false,false,0.189656910229,0.189656910229,0.157132249728,0.29857110926,reckless_noble_tactical,neutral_selfish_tactical,0.189656910229,0.157132249728,0,0,0,0,0,0.215472972986,0,-0.215472972986
307,narrative,,false,false,0.0761581515918,0.0761581515918,0.0756886308028,0.127502522583,cautious_noble_tactical,reckless_selfish_physical,0,0,0.114774505912,0,0,0,0,0.0765939453625,0.0729566060724,-0.0036373392901
308,narrative,,false,true,0.000102321422047,0.000102321422047,0.000105080295855,0.000366921040252,cautious_selfish_physical,reckless_noble_tactical,0,0,0.555493563128,0.69314718056,7.09238052025e-05,0,0,5.16736042121e-05,0.000474404056437,0.000422730452225
309,preterminal,death,false,false,0.0683841796875,0.0683841796875,0.0771980731583,0.151459916797,reckless_noble_physical,cautious_selfish_tactical,0.0683841796875,0.0771980731583,0,0,0,0,0,0.0776926212955,0,-0.0776926212955
310,narrative,,false,false,0.00923416977436,0.00923416977436,0.00940401628581,0.027160857307,cautious_selfish_tactical,cautious_selfish_physical,0,0,1,0,0,0,0,0,0.0770727137227,0.0770727137227
311,narrative,,false,true,0.149465625,0.149465625,0.140686687615,0.141697714286,cautious_noble_physical,reckless_selfish_tactical,0,0,0.0939594319242,1.03972077084,0.155402514839,0.00119652422413,0.00239304844827,0.153855525896,0.117215353222,-0.036640172674
312,narrative,,false,false,0.000144470768862,0.000144470768862,0.000162791022656,0.000518067123546,cautious_selfish_physical,reckless_noble_tactical,0,0,0.393428316085,0,0,0,0,9.95603121459e-05,0.000474404056437,0.000374843744291
313,narrative,,false,false,0.0155631082031,0.0155631082031,0.0224454312078,0.0639516386634,cautious_noble_tactical,reckless_selfish_physical,0,0,0.100427692673,0,0,0,0,0.0159058377222,0.0130452563431,-0.0028605813791
314,narrative,,false,false,0.0263833422125,0.0263833422125,0.0268686179595,0.0776024494485,cautious_selfish_tactical,cautious_selfish_physical,0,0,1,0.610864302055,0.0161166419265,0,0,0,0.220207753493,0.220207753493
315,narrative,,false,false,0.033178270835,0.033178270835,0.0330272851192,0.0633132027163,cautious_noble_physical,reckless_selfish_tactical,0,0,0.114774505912,0,0,0,0,0.0333681242315,0.0317835187025,-0.001584605529
316,narrative,,false,false,0.0101178886523,0.0101178886523,0.00735133003003,0.0155697026659,cautious_noble_tactical,neutral_selfish_physical,0,0,0.114774505912,0,0,0,0,0.0101757854468,0.00969255163452,-0.00048323381228
317,narrative,,false,false,0.0195239941576,0.0195239941576,0.017578796676,0.0206285897965,reckless_selfish_physical,reckless_noble_tactical,0,0,0.711107470703,0,0,0,0,0.00640809753129,0.115879524914,0.109471427383
318,narrative,,false,false,0.0429400967479,0.0429400967479,0.0546577534554,0.185011942935,reckless_selfish_tactical,cautious_selfish_physical,0,0,0.711107470703,0,0,0,0,0.0140936493703,0.254859634291,0.240765984921
319,narrative,,false,false,0.216836710704,0.216836710704,0.231630848114,0.161419766265,cautious_noble_tactical,cautious_selfish_physical,0,0,0.183712694537,0,0,0,0,0.201094404349,0.332487079677,0.131392675328
320,narrative,,false,false,0.121215926152,0.121215926152,0.136632528476,0.327557765514,cautious_selfish_tactical,reckless_noble_physical,0,0,0.17793072623,0,0,0,0,0.113211940105,0.180016963224,0.066805023119
321,narrative,,false,false,0.0353845527935,0.0353845527935,0.0498487954278,0.185108339731,reckless_noble_tactical,cautious_selfish_physical,0,0,0.711107470703,0,0,0,0,0.0116137949833,0.210015693198,0.198401898215
322,narrative,,false,true,0.018683203125,0.018683203125,0.0135746099714,0.0287502588235,cautious_noble_tactical,neutral_selfish_physical,0,0,0.088933025906,0.69314718056,0.0129502095699,0.00288657882369,0.00577315764738,0.0193386330266,0.0138681075321,-0.0054705254945
323,narrative,,false,true,0.020505859375,0.0175764508929,0.0189271464394,0.033154162963,cautious_noble_tactical,reckless_selfish_physical,0,0,0.143547746221,0.69314718056,0.0142135786107,0,0,0.0171024557144,0.0210586418782,0.0039561861638
324,narrative,,false,true,0.0747328125,0.0747328125,0.0703433438073,0.070848857143,cautious_noble_physical,reckless_selfish_tactical,0,0,0.100427692673,0.69314718056,0.0518008382797,0,0,0.0763785724956,0.0626422873619,-0.0137362851337
325,narrative,,false,false,0.11143125,0.11143125,0.100271863381,0.181703076923,cautious_selfish_tactical,reckless_noble_physical,0,0,0.0874709063017,0,0,0,0,0.115525499485,0.0813529722113,-0.0341725272737
326,narrative,,false,false,0.0156191953261,0.0156191953261,0.0215118703164,0.061784148425,reckless_selfish_physical,cautious_noble_tactical,0,0,0.711107470703,0,0,0,0,0.00512647802503,0.0927036199311,0.0875771419061
327,preterminal,death,false,false,0.0867693920386,0.0867693920386,0.0589149901667,0.0738951461369,cautious_noble_physical,cautious_selfish_tactical,0.0867693920386,0.0589149901667,0,0,0,0,0,0.0985804252753,0,-0.0985804252753
328,narrative,,false,true,0.00541765383233,0.00541765383233,0.00462691003375,0.010710524229,cautious_selfish_tactical,neutral_noble_physical,0,0,0.555493563128,0.69314718056,0.00375523147913,0,0,0.00273598327985,0.0251184639836,0.0223824807037
329,narrative,,false,false,0.0208143106191,0.0208143106191,0.0278034353057,0.114216771329,cautious_selfish_physical,reckless_noble_tactical,0,0,0.424844179241,0,0,0,0,0.0136010264,0.073806481054,0.060205454654
330,narrative,,false,true,0.0663565416699,0.0663565416699,0.0589947403183,0.0490845871149,cautious_noble_tactical,reckless_selfish_neutral,0,0,0.114774505912,0.69314718056,0.0459948497702,0,0,0.066736248463,0.0635670374051,-0.0031692110579
331,narrative,,false,true,0.347077568154,0.347077568154,0.336983235201,0.120606385217,cautious_noble_tactical,cautious_selfish_physical,0,0,0.114774505912,0.69314718056,0.240575837802,0.0382581686374,0.0765163372747,0.349063622687,0.332487079677,-0.01657654301
332,narrative,,false,false,0.0204072165732,0.0204072165732,0.0152673678182,0.03241080421,cautious_selfish_tactical,neutral_noble_physical,0,0,1,0,0,0,0,0,0.170328204837,0.170328204837
333,narrative,,false,false,0.25,0.25,0.25,0,cautious_selfish_physical,cautious_selfish_physical,0,0,0.0827234228622,0,0,0,0,0.260534022841,0.172612125513,-0.087921897328
334,narrative,,false,true,0.0757458860016,0.0757458860016,0.0768302666965,0.0463659025859,cautious_selfish_physical,reckless_noble_physical,0,0,0.0685843320993,1.03972077084,0.0787545709815,0.0228614440331,0.0457228880662,0.0801542808488,0.0433597489806,-0.0367945318682
335,narrative,,false,false,0.136768359375,0.136768359375,0.145164751686,0.100283641215,reckless_noble_neutral,cautious_selfish_tactical,0,0,0.0637381089498,0,0,0,0,0.14548128107,0.072759148397,-0.072722132673
336,narrative,,true,false,0.0237199707031,0.0237199707031,0.0202536124686,0.0159623763228,cautious_noble_tactical,reckless_selfish_tactical,0.00396123510742,0.00338235328226,0.0956071634247,0.451097288384,0.0107000144647,0,0,0.0243722371277,0.0189281154967,-0.005444121631
337,narrative,,false,false,0.0390479883151,0.0390479883151,0.035157593352,0.0412571795928,reckless_selfish_physical,reckless_noble_tactical,0,0,0.355553735352,0.69314718056,0.0270660030072,0,0,0.0285896940817,0.115879524914,0.0872898308323
338,narrative,,false,false,0.0440714000781,0.0440714000781,0.0424416869397,0.0486039712986,cautious_noble_tactical,reckless_selfish_neutral,0,0,0.086080879434,0,0,0,0,0.0457602874561,0.0316640409531,-0.014096246503
339,narrative,,true,false,0.00395908496586,0.00395908496586,0.00338337289955,0.0105783068019,reckless_noble_physical,reckless_noble_tactical,0.000330583594649,0.000282511637112,0.5686625,1.20739162545,0.00478016603224,0,0,0.00194015385912,0.0187911001832,0.0168509463241
340,narrative,,true,false,0.0394960515552,0.0394960515552,0.0546126422142,0.196006645357,cautious_selfish_tactical,reckless_noble_physical,0.00659584060972,0.00912031124978,0.399108679247,0.451097288384,0.0178165617584,0,0,0.0269633435393,0.13156720514,0.104603861601
341,narrative,,false,true,0.0184683395487,0.0184683395487,0.0188080325716,0.054321714614,cautious_selfish_tactical,cautious_selfish_physical,0,0,1,1.03972077084,0.0192019162317,0,0,0,0.154145427445,0.154145427445
342,narrative,,true,false,0.0683841796875,0.0683841796875,0.0656603718018,0.0533643281971,reckless_noble_physical,cautious_selfish_neutral,0.0114201580078,0.0109652820909,0.0956071634247,0.451097288384,0.0308479180254,0,0,0.0702646501544,0.0545693612978,-0.0156952888566
343,narrative,,false,false,0.0569640216797,0.0569640216797,0.0585386811455,0.0718098642988,reckless_noble_tactical,cautious_selfish_physical,0,0,0.114774505912,0,0,0,0,0.0572899823981,0.0545693612978,-0.0027206211003
344,narrative,,false,false,0.00123671916621,0.00123671916621,0.000883525564869,0.00160552812823,reckless_noble_physical,neutral_noble_tactical,0,0,0,0,0,0,0,0.00140506114526,0,-0.00140506114526
345,narrative,,false,true,0.125,0.125,0.125,0,cautious_selfish_physical,cautious_selfish_physical,0,0,0.0781408149821,0.69314718056,0.08664339757,0.00284156569715,0.0056831313943,0.130917810371,0.0815249883088,-0.0493928220622
346,narrative,,false,false,0.0351484375,0.0351484375,0.030463361463,0.0550000925926,cautious_noble_physical,neutral_selfish_tactical,0,0,0.121158559734,0,0,0,0,0.0350946312501,0.035543723458,0.0004490922079
347,narrative,,false,false,0.0915113414844,0.0915113414844,0.0947740955395,0.0482899064139,reckless_noble_physical,cautious_selfish_physical,0,0,0.114774505912,0,0,0,0,0.0920349896,0.0876643767251,-0.0043706128749
348,narrative,,false,false,3.00860376155e-05,3.00860376155e-05,4.11936893105e-05,0.000138819144967,cautious_selfish_tactical,reckless_noble_physical,0,0,0.555493563128,0,0,0,0,1.51938271474e-05,0.000139491203322,0.000124297376175
349,narrative,,false,false,0.17393125,0.17393125,0.168651629633,0.1875,cautious_selfish_physical,cautious_noble_tactical,0,0,0.0874709063017,0,0,0,0,0.180321898321,0.126982548862,-0.053339349459
350,preterminal,win,false,false,0.119811141043,0.119811141043,0.132992146115,0.203950347203,reckless_selfish_tactical,cautious_selfish_physical,0,0,1,0,0,0,0,0,1,1
