source_id,target_id,edge_text,transition_type,realisation_value,semantic_risk,semantic_morality,semantic_action,warnings
1,141,"If you wish to use your Kai Discipline of Sixth Sense, turn to 141.",conditional,If you wish to use your Kai Discipline of Sixth Sense,,,,
1,85,"If you wish to take the right path into the wood, turn to 85.",explicit_choice,,neutral,neutral,neutral,
1,275,"If you wish to follow the left track, turn to 275.",explicit_choice,,neutral,neutral,neutral,
2,343,"If you have picked a number 0–4, turn to 343.",stochastic,If you have picked a number 0–4,,,,
2,276,"If you have picked a number 5–9, turn to 276.",stochastic,If you have picked a number 5–9,,,,
3,196,"If you wish to follow this man, turn to 196.",explicit_choice,,reckless,neutral,neutral,
3,144,"If you wish to decline his offer and return to the crowded streets, turn to 144.",explicit_choice,,cautious,neutral,neutral,
4,218,"If you wish to use the Kai Discipline of Sixth Sense, turn to 218.",conditional,If you wish to use the Kai Discipline of Sixth Sense,,,,
4,75,"If you wish to hide in the bottom of the canoe, turn to 75.",explicit_choice,,cautious,neutral,tactical,
4,175,"If you wish to try to attract their attention, turn to 175.",explicit_choice,,reckless,neutral,tactical,
5,111,Turn to 111.,forced,,,,,
6,183,"If you wish to call them, turn to 183.",explicit_choice,,reckless,neutral,tactical,
6,200,"If you wish to let them pass and then continue on your way through the forest, turn to 200.",explicit_choice,,cautious,neutral,tactical,
7,108,"If you have picked a number that is 0–2, turn to 108.",stochastic,If you have picked a number that is 0–2,,,,
7,25,"If the number is 3–9, turn to 25.",stochastic,If the number is 3–9,,,,
8,70,Turn to 70 and choose your route.,forced,,,,,
9,236,"If you possess a Vordak Gem, turn to 236.",conditional,If you possess a Vordak Gem,,,,
9,292,"If you do not, turn to 292.",conditional,If you do not,,,,
10,115,"If you wish to enter a cottage and rest for a while, turn to 115.",explicit_choice,,cautious,neutral,neutral,
10,83,"If you wish to press on, turn to 83.",explicit_choice,,reckless,neutral,physical,
11,139,Turn to 139.,forced,,,,,
12,262,"If you have 10 Gold Crowns and wish to pay him, turn to 262.",conditional,If you have 10 Gold Crowns and wish to pay him,,,,
12,247,"If you do not have enough Gold Crowns or do not wish to pay him, turn to 247.",conditional,If you do not have enough Gold Crowns or do not wish to pay him,,,,
13,307,"If you wish to climb the tree and search the treehouse, turn to 307.",explicit_choice,,reckless,neutral,physical,
13,213,"If you would rather press on, turn to 213.",explicit_choice,,cautious,neutral,neutral,
14,43,"If you wish to draw your weapon and prepare to fight, turn to 43.",explicit_choice,,reckless,neutral,physical,
14,106,"If you would rather take evasive action by running as fast as you can over the hill, turn to 106.",explicit_choice,,cautious,neutral,physical,
15,207,"If you decide to go east, turn to 207.",explicit_choice,,neutral,neutral,neutral,
15,201,"If you decide to go west, turn to 201.",explicit_choice,,neutral,neutral,neutral,
15,35,"If you decide to go south, turn to 35.",explicit_choice,,neutral,neutral,neutral,
16,192,You are charging head-on towards each other. Turn to 192.,forced,,,,,
17,53,"If you pick 0, turn to 53.",stochastic,If you pick 0,,,,
17,274,"If you pick 1–2, turn to 274.",stochastic,If you pick 1–2,,,,
17,316,"If you pick 3–9, turn to 316.",stochastic,If you pick 3–9,,,,
18,114,"If you wish to use the Kai Discipline of Camouflage, turn to 114.",conditional,If you wish to use the Kai Discipline of Camouflage,,,,
18,239,"If you wish to ride deeper in the forest, turn to 239.",explicit_choice,,cautious,neutral,physical,
18,29,"If you wish to fight the creature, turn to 29.",explicit_choice,,reckless,neutral,physical,
19,69,"If you have the Kai Discipline of Tracking, turn to 69.",conditional,If you have the Kai Discipline of Tracking,,,,
19,272,You can avoid the Sleeptooth by returning to the track. Turn to 272.,explicit_choice,,cautious,neutral,neutral,
19,119,"Or you can push on through the briars, deeper into the forest, by turning to 119.",explicit_choice,,reckless,neutral,physical,
20,273,Turn to 273.,forced,,,,,
21,189,"If it is below 5, your horse has suddenly plunged into thick mud up to its belly. If the number is 5 or above, you manage to steer clear of the morass and may now turn to 189.",stochastic,If it is below 5,,,,
21,189,"If you are stuck, pick another number from the Random Number Table. If this time the number is 7 or less, the mud engulfs you up to your armpits. Your horse gives one last despairing scream as its muzzle disappears into the bubbling mud. If you scored above 7, you drag yourself onto firm ground and turn to 189.",stochastic,"If you are stuck, pick another number from the Random Number Table. If this time the number is 7 or less",,,,This choice is only possible if the first choice failed
21,312,"If not, then this is your last chance! If you pick any number except a 9, the foul-smelling bog sucks you under and claims another victim. Your life and your mission end here. But if you have picked a 9, turn to 312.",stochastic,"If not, then this is your last chance! If you pick any number except a 9",,,,This choice is only possible if the first choice failed. Contain an implicit dead end (death)
22,181,"If you have picked a number 0–4, turn to 181.",stochastic,If you have picked a number 0–4,,,,
22,145,"If you have picked a number 5–9, turn to 145.",stochastic,If you have picked a number 5–9,,,,
23,326,"If you have a Golden Key and wish to use it, turn to 326.",conditional,If you have a Golden Key and wish to use it,,,,
23,151,"If you have the Kai Discipline of Mind Over Matter, turn to 151.",conditional,If you have the Kai Discipline of Mind Over Matter,,,,
23,337,"If you wish to remove the pin, turn to 337.",explicit_choice,,neutral,neutral,physical,
24,234,"If you decide to jump after him, turn to 234.",explicit_choice,,reckless,neutral,physical,
24,184,"If you decide to run through the caravan and grab the reins of the horse team, turn to 184.",explicit_choice,,reckless,neutral,physical,
25,139,Turn to 139.,forced,,,,,
26,249,"If you wish to continue, turn to 249.",explicit_choice,,neutral,neutral,neutral,
26,100,"If you wish to go back and try the southern route, turn to 100.",explicit_choice,,cautious,neutral,neutral,
27,250,"If you choose to attack, turn to 250.",explicit_choice,,reckless,neutral,physical,
27,52,"If you choose to listen to what the voices say, turn to 52.",explicit_choice,,cautious,neutral,tactical,
28,130,"If you wish to go northwards, turn to 130.",explicit_choice,,neutral,neutral,neutral,
28,147,"If you wish to head south, turn to 147.",explicit_choice,,neutral,neutral,neutral,
29,270,"If you win the fight, turn to 270.",forced,,,,,"Combat outcome determines progression, but only one choice tag exists. Deduction of 2 COMBAT SKILL points unless Mindshield is possessed."
30,194,"If you wish to help the children, turn to 194.",explicit_choice,,reckless,noble,physical,
30,261,"If you’d rather run for the cover of the trees, turn to 261.",explicit_choice,,cautious,selfish,physical,
31,264,Turn to 264.,forced,,,,,
32,176,"If you wish to hide in the undergrowth and let him pass, turn to 176.",explicit_choice,,cautious,neutral,tactical,
32,340,"If you wish to fight him, turn to 340.",explicit_choice,,reckless,neutral,physical,
33,248,Turn to 248.,forced,,,,,
34,328,"If you win, turn to 328.",forced,,,,,"Combat outcome determines progression, but only one choice tag exists. Deduction of 2 COMBAT SKILL points unless Mindshield is possessed."
35,207,Turn to 207.,forced,,,,,
36,140,"If the number is 4 or lower, you have fallen. Lose 2 ENDURANCE points and turn to 140.",stochastic,If the number is 4 or lower,,,,Loss of 2 ENDURANCE points during the transition
36,323,"If the number is 5 or higher, you do not fall. Turn to 323.",stochastic,If the number is 5 or higher,,,,
37,282,"If you wish to use the Kai Discipline of Camouflage, turn to 282.",conditional,If you wish to use the Kai Discipline of Camouflage,,,,
37,289,"If you wish to approach them and tell your story, turn to 289.",explicit_choice,,reckless,neutral,neutral,
38,128,"If you wish to investigate the smell of wood smoke, turn to 128.",explicit_choice,,reckless,neutral,tactical,
38,347,"If you would rather avoid the source of this smoke, turn to 347.",explicit_choice,,cautious,neutral,tactical,
39,228,Turn to 228.,forced,,,,,
40,105,Turn to 105.,forced,,,,,
41,174,"If you decide to paddle downstream as fast as you can, turn to 174.",explicit_choice,,reckless,neutral,physical,
41,116,"If you decide to head for the cover of the trees on the opposite bank, turn to 116.",explicit_choice,,reckless,neutral,physical,
42,86,"If you wish to continue east, turn to 86.",explicit_choice,,neutral,neutral,neutral,
42,238,"If you would rather head north, turn to 238.",explicit_choice,,neutral,neutral,neutral,
42,157,"If you decide to venture south, turn to 157.",explicit_choice,,neutral,neutral,neutral,
42,147,"Or if you prefer to go west, turn to 147.",explicit_choice,,neutral,neutral,neutral,
43,195,"If you win, turn to 195.",conditional,If you win,,,,Based on combat outcome
43,106,"After three rounds of combat, you position yourself so that you can run down the hill. If you wish to evade at this time then turn to 106 and chance being wounded as you flee.",explicit_choice,,cautious,neutral,physical,Requires waiting 3 rounds; risk of injury during escape
44,277,"If you have picked a number that is 0–4, turn to 277.",stochastic,If you have picked a number that is 0–4,,,,
44,338,"If the number is 5–9, turn to 338.",stochastic,If the number is 5–9,,,,
45,180,Turn to 180.,forced,,,,,
46,296,"If you have the Kai Discipline of Sixth Sense, turn to 296.",conditional,If you have the Kai Discipline of Sixth Sense,,,,
46,246,"If you accept the offer, turn to 246.",explicit_choice,,reckless,neutral,neutral,
46,90,"If you refuse and try to ride around the lake, turn to 90.",explicit_choice,,cautious,neutral,physical,
47,136,"Do you stand and fight the Giaks where you are, using the high ground to your advantage? If so, turn to 136.",explicit_choice,,reckless,neutral,physical,
47,322,Or do you grit your teeth and press on towards the peak of the hill? Turn to 322.,explicit_choice,,cautious,neutral,physical,
48,243,You must leave here quickly before you are spotted. Turn to 243.,forced,,,,,
49,339,"If you have chosen a number that is 0–4, turn to 339.",stochastic,If you have chosen a number that is 0–4,,,,
49,60,"If the number is 5–9, turn to 60.",stochastic,If the number is 5–9,,,,
50,97,"If you wish to continue towards the sound of battle, turn to 97.",explicit_choice,,reckless,neutral,neutral,
50,243,"If you wish to avoid the fighting, change direction and turn to 243.",explicit_choice,,cautious,neutral,neutral,
51,288,"There is a gate in the log wall. If you wish to approach it, turn to 288.",explicit_choice,,reckless,neutral,tactical,
51,221,"If you would prefer to climb over the wall instead, turn to 221.",explicit_choice,,reckless,neutral,physical,
52,225,"If you have the Kai Discipline of Animal Kinship, turn to 225.",conditional,If you have the Kai Discipline of Animal Kinship,,,,
52,250,"If not, you must climb over the tree and face whatever lurks on the other side. Turn to 250.",conditional,If not,,,,
55,325,"If you win, turn to 325.",forced,,,,,"Combat outcome determines progression, but only one choice tag exists"
56,222,Now turn to 222.,forced,,,,,
57,164,"If you choose to take a closer look at the bottles, turn to 164.",explicit_choice,,reckless,neutral,tactical,
57,109,"If you choose to pull back the rug, turn to 109.",explicit_choice,,reckless,neutral,tactical,
57,308,"If you choose to leave the room and investigate the stable, turn to 308.",explicit_choice,,neutral,neutral,tactical,
58,251,"If you decide to flatten yourself against the rocks along the side of the road and wait until they pass, turn to 251.",explicit_choice,,cautious,neutral,tactical,
58,160,"If you decide to carry on running, but draw your weapon just in case they attack, turn to 160.",explicit_choice,,reckless,neutral,physical,
59,124,"If you want to open the silver box, turn to 124.",explicit_choice,,reckless,neutral,neutral,
59,106,"If you wish to return to the surface and press on, turn to 106.",explicit_choice,,cautious,neutral,neutral,
59,211,"If you wish to investigate the tunnel further, turn to 211.",explicit_choice,,neutral,neutral,tactical,
61,268,Turn to 268.,forced,,,,,
62,288,Turn to 288.,forced,,,,,
63,269,"If you win, turn to 269.",forced,,,,,"Combat outcome determines progression, but only one choice tag exists"
64,188,"If you decide to gather your equipment and run for the cover of the trees, turn to 188.",explicit_choice,,cautious,selfish,physical,
64,16,"If you decide to cut free one of the horses and try to break through the attacking Doomwolves to the clear road beyond, then turn to 16.",explicit_choice,,reckless,neutral,physical,
65,104,Turn to 104.,forced,,,,,
66,350,Turn to 350.,forced,,,,,
67,252,Turn to 252.,forced,,,,,
68,130,"If you wish to turn west, go to 130.",explicit_choice,,neutral,neutral,neutral,
68,15,"If you wish to head east, turn to 15.",explicit_choice,,neutral,neutral,neutral,
69,272,Avoid the gallowbrush and turn to 272.,forced,,,,,
70,8,"If you wish to use the Kai Discipline of Sixth Sense, turn to 8.",conditional,If you wish to use the Kai Discipline of Sixth Sense,,,,
70,28,"If you wish to go east, turn to 28.",explicit_choice,,neutral,neutral,neutral,
70,157,"If you wish to go south, turn to 157.",explicit_choice,,neutral,neutral,neutral,
71,65,"If you wish to use the Kai Discipline of Sixth Sense, turn to 65.",conditional,If you wish to use the Kai Discipline of Sixth Sense,,,,
71,242,"If you wish to open the sarcophagus to see if it contains any treasure, turn to 242.",explicit_choice,,reckless,selfish,physical,
71,104,"If you wish to leave via the tunnel, turn to 104.",explicit_choice,,cautious,neutral,neutral,
72,265,"If you win, turn to 265.",forced,,,,,"Combat outcome determines progression, but only one choice tag exists"
73,243,Turn to 243.,forced,,,,,
74,138,"If you decide to fight them, turn to 138.",explicit_choice,,reckless,neutral,physical,
74,281,"If you decide to run deeper into the forest without delay, turn to 281.",explicit_choice,,cautious,neutral,physical,
75,260,"If you wish to help the ranger, turn to 260.",explicit_choice,,reckless,noble,physical,
75,163,"If you wish to stay hidden and drift downstream, turn to 163.",explicit_choice,,cautious,selfish,tactical,
76,118,Turn to 118.,forced,,,,,Loss of 2 ENDURANCE points during the transition
77,19,Turn to 19.,forced,,,,,
78,132,"If you decide to inform him that you are a Kai Lord with an urgent message for the King, turn to 132.",explicit_choice,,cautious,neutral,neutral,
78,12,"If you decide to offer him Gold Crowns for safe passage to the capital, turn to 12.",explicit_choice,,cautious,selfish,neutral,
78,220,"If you decide to attack the guard with your weapon, turn to 220.",explicit_choice,,reckless,neutral,physical,
79,204,Turn to 204.,forced,,,,,
80,7,Turn to 7.,forced,,,,,
81,183,"If you wish to call to them, turn to 183.",explicit_choice,,cautious,neutral,neutral,
81,200,"If you would rather continue along the forest edge towards the south, turn to 200.",explicit_choice,,neutral,neutral,neutral,
82,235,Turn to 235.,forced,,,,,
83,45,"If you possess the Kai Discipline of Sixth Sense, turn to 45.",conditional,If you possess the Kai Discipline of Sixth Sense,,,,
83,205,"If you wish to do as they say, turn to 205.",explicit_choice,,cautious,neutral,neutral,
83,180,"If you wish to prepare to fight them, turn to 180.",explicit_choice,,reckless,neutral,physical,
83,232,"If you demand to know what they want, turn to 232.",explicit_choice,,neutral,neutral,neutral,
84,188,Turn to 188.,forced,,,,,
85,229,"If you draw your weapon and prepare to fight, turn to 229.",explicit_choice,,reckless,neutral,physical,
85,99,"If you evade the attack by running south, deeper into the forest, turn to 99.",explicit_choice,,cautious,neutral,physical,
86,6,"If you wish to journey east, turn to 6.",explicit_choice,,neutral,neutral,neutral,
86,35,"If you wish to head north, turn to 35.",explicit_choice,,neutral,neutral,neutral,
86,167,"If you prefer to go south, turn to 167.",explicit_choice,,neutral,neutral,neutral,
86,42,"Or if you wish to turn west, turn to 42.",explicit_choice,,neutral,neutral,neutral,
87,61,Turn to 61.,forced,,,,,
88,216,"If you possess and wish to use the Kai Discipline of Healing on this man, turn to 216.",conditional,If you possess and wish to use the Kai Discipline of Healing on this man,,,,
88,31,"If you do not possess the skill, or if you do not want to use it, then turn to 31.",conditional,"If you do not possess the skill, or if you do not want to use it",,,,
89,53,"If you have picked 0–1, turn to 53.",stochastic,If you have picked 0–1,,,,
89,274,"If it is 2–4, turn to 274.",stochastic,If it is 2–4,,,,
89,316,"If it is 5–9, turn to 316.",stochastic,If it is 5–9,,,,
90,18,Turn to 18.,forced,,,,,
91,198,"If you have the Kai Discipline of Sixth Sense, turn to 198.",conditional,If you have the Kai Discipline of Sixth Sense,,,,
91,152,"If you wish to look at his wares, turn to 152.",explicit_choice,,neutral,neutral,tactical,
91,7,"If you would rather decline his offer and return to the street, turn to 7.",explicit_choice,,cautious,neutral,neutral,
92,13,Turn to 13.,forced,,,,,
93,106,Turn to 106.,forced,,,,,
94,7,Turn to 7.,forced,,,,,
95,240,"If you wish to set off along the track towards the north, turn to 240.",explicit_choice,,neutral,neutral,neutral,
95,5,"If you wish to go south instead, turn to 5.",explicit_choice,,neutral,neutral,neutral,
96,33,"If you wish to explore the cave further, turn to 33.",explicit_choice,,reckless,neutral,tactical,
96,248,"If you wish to leave the cave and descend the hill in case the Giaks return, turn to 248.",explicit_choice,,cautious,neutral,physical,
97,255,"If you wish to defend the fallen Prince, turn to 255.",explicit_choice,,reckless,noble,physical,
97,306,"If you wish to run into the forest, turn to 306.",explicit_choice,,cautious,selfish,physical,
98,139,Turn to 139.,forced,,,,,
99,222,Turn to 222.,forced,,,,,
100,161,"If you wish to sit on the throne, turn to 161.",explicit_choice,,reckless,neutral,neutral,
100,133,"If you wish to examine the statue, turn to 133.",explicit_choice,,neutral,neutral,tactical,
100,257,"If you wish to look for an exit from this chamber, turn to 257.",explicit_choice,,cautious,neutral,tactical,
101,281,Turn to 281.,forced,,,,,
102,284,Turn to 284.,forced,,,,,
103,13,"If you wish to take this path, turn to 13.",explicit_choice,,neutral,neutral,neutral,
103,287,"If you would rather continue towards the northeast, turn to 287.",explicit_choice,,neutral,neutral,neutral,
104,26,"If you wish to turn north, go to 26.",explicit_choice,,neutral,neutral,neutral,
104,100,"If you wish to go south, turn to 100.",explicit_choice,,neutral,neutral,neutral,
105,298,"If you have the Kai Discipline of Animal Kinship, you may call to this bird by turning to 298.",conditional,If you have the Kai Discipline of Animal Kinship,,,,
105,335,"If you do not possess this skill, or if you do not wish to use it, turn to 335.",conditional,"If you do not possess this skill, or if you do not wish to use it",,,,
106,263,"If you wish to follow the stream to the east, turn to 263.",explicit_choice,,neutral,neutral,neutral,
106,334,"If you would rather explore upstream, turn to 334.",explicit_choice,,neutral,neutral,neutral,
107,23,Turn to 23.,forced,,,,,
109,164,You may take a closer look at the bottles by turning to 164.,explicit_choice,,neutral,neutral,tactical,
109,308,Or you can leave the room and investigate the stable by turning to 308.,explicit_choice,,neutral,neutral,tactical,
110,55,Turn to 55.,forced,,,,,
111,57,"If you wish to enter the cabin, turn to 57.",explicit_choice,,reckless,neutral,neutral,
111,308,"If you wish to search the stable, turn to 308.",explicit_choice,,neutral,neutral,tactical,
112,33,"If you win, you may explore the cave further by turning to 33.",conditional,If you win,,,,Based on combat outcome
112,248,Or you may leave and descend the hill. Turn to 248.,explicit_choice,,cautious,selfish,physical,
113,347,"If you wish to head northeast, turn to 347.",explicit_choice,,neutral,neutral,neutral,
113,295,"If you wish to head east, turn to 295.",explicit_choice,,neutral,neutral,neutral,
114,239,Turn to 239.,forced,,,,,
115,150,"If you decide to take a quick Meal, turn to 150.",explicit_choice,,neutral,neutral,neutral,
115,177,"If you decide to search the building, turn to 177.",explicit_choice,,neutral,neutral,tactical,
115,83,"If you would rather leave now and continue your run, turn to 83.",explicit_choice,,cautious,neutral,physical,
116,321,Turn to 321.,forced,,,,,
117,330,Turn to 330.,forced,,,,,
118,224,Turn to 224.,forced,,,,,
119,226,"If you wish to slide down the slope as carefully as you can, turn to 226.",explicit_choice,,reckless,neutral,physical,
119,38,"If you do not feel that you are up to the risk of this tricky descent in your present sleepy state, walk around the edge of the ridge by turning to 38.",explicit_choice,,cautious,neutral,neutral,
120,84,"If you wait until it is about to strike and then jump from the saddle, turn to 84.",explicit_choice,,reckless,neutral,physical,
120,171,"If you head as fast as you can for the trees, turn to 171.",explicit_choice,,cautious,neutral,physical,
120,54,"If you put your head down, pray to the heavens for good luck and gallop on regardless, turn to 54.",explicit_choice,,reckless,neutral,physical,
121,342,"If you wish to call the stranger, turn to 342.",explicit_choice,,reckless,neutral,neutral,
121,309,"If you wish to approach the stranger cautiously, turn to 309.",explicit_choice,,reckless,neutral,tactical,
121,283,"If you would rather draw your weapon and attack, turn to 283.",explicit_choice,,reckless,neutral,physical,
122,206,Turn to 206.,forced,,,,,
123,304,"If you wish to take the Gem, turn to 304.",explicit_choice,,reckless,selfish,physical,
123,2,"If you would rather leave it and run, turn to 2.",explicit_choice,,cautious,neutral,physical,
124,211,You can continue to investigate the tunnel by turning to 211.,explicit_choice,,reckless,neutral,tactical,
124,106,Or you may leave and descend the hill by turning to 106.,explicit_choice,,cautious,neutral,neutral,
125,301,"If you have the Kai Discipline of Tracking, turn to 301.",conditional,If you have the Kai Discipline of Tracking,,,,
125,27,"If you wish to take the south path, turn to 27.",explicit_choice,,neutral,neutral,neutral,
125,214,"If you wish to take the west path, turn to 214.",explicit_choice,,neutral,neutral,neutral,
126,46,"If you wish to press on ahead, turn to 46.",explicit_choice,,reckless,neutral,physical,
126,143,If you wish to bear left (the same direction as the path you left far behind) then turn to 143.,explicit_choice,,cautious,neutral,physical,
128,297,"If you have the Kai Discipline of Hunting, turn to 297.",conditional,If you have the Kai Discipline of Hunting,,,,
128,336,"If you do not, you must attack the Giaks now in order to save the ranger’s life. Turn to 336.",conditional,If you do not,,,,
129,3,"If you wish to continue following the officer, turn to 3.",explicit_choice,,cautious,neutral,neutral,
129,144,"If you feel that you stand a better chance of making your way to the King’s citadel on your own, turn to 144.",explicit_choice,,reckless,selfish,tactical,
130,28,"When you have finished, if you decide to leave the clearing by the south way, turn to 28.",explicit_choice,,neutral,neutral,neutral,
130,201,"Or if you prefer the smaller track that leads eastwards into the forest, turn to 201.",explicit_choice,,neutral,neutral,neutral,
131,241,"If you wish to shout a warning to the wizard, turn to 241.",explicit_choice,,cautious,noble,tactical,
131,55,"If you wish to run forward and attack the Giak when he jumps, turn to 55.",explicit_choice,,reckless,noble,physical,
131,302,"If you wish to pick up a chunk of temple marble and throw it at the Giak’s head, turn to 302.",explicit_choice,,neutral,noble,physical,
131,101,"Or if you would rather turn and leave the battle area and run back into the woods, turn to 101.",explicit_choice,,cautious,selfish,physical,
132,64,Turn to 64.,forced,,,,,
133,266,"If you win the fight, turn to 266.",forced,,,,,"Combat outcome determines progression, but only one choice tag exists"
134,305,"Forewarned by this knowledge, if you decide to investigate the huts, turn to 305.",explicit_choice,,reckless,neutral,tactical,
134,40,"If you would rather avoid the clearing, turn to 40.",explicit_choice,,cautious,neutral,tactical,
135,223,"If you wish to use the log to float down the river, turn to 223.",explicit_choice,,reckless,neutral,physical,
135,4,"If you wish to use the canoe, turn to 4.",explicit_choice,,neutral,neutral,physical,
136,313,"If you win, turn to 313.",forced,,,,,"Combat outcome determines progression, but only one choice tag exists"
137,23,Turn to 23.,forced,,,,,
138,291,"If you win, turn to 291.",forced,,,,,Implicit death condition if combat is lost
139,66,Turn to 66.,forced,,,,,
140,14,"If you take the south path, turn to 14.",explicit_choice,,neutral,neutral,neutral,
140,252,"If you take the east path, turn to 252.",explicit_choice,,neutral,neutral,neutral,
140,215,"If you take the southwest path, turn to 215.",explicit_choice,,neutral,neutral,neutral,
140,36,"If you decide to climb the watchtower, turn to 36.",explicit_choice,,reckless,neutral,physical,
141,56,"If you wish to head south, turn to 56.",explicit_choice,,neutral,neutral,neutral,
141,333,"Or if you wish to cut through the heavier foliage towards the northeast, turn to 333.",explicit_choice,,neutral,neutral,neutral,
142,58,"If you will try your luck by the highway, turn to 58.",explicit_choice,,reckless,neutral,physical,
142,135,"If you feel that you stand a better chance of reaching the capital via the river, then turn to 135.",explicit_choice,,neutral,neutral,physical,
142,102,"Or if you are brave enough to risk the unknown perils of the Graveyard of the Ancients, turn to 102.",explicit_choice,,reckless,neutral,tactical,
143,149,Turn to 149.,forced,,,,,
144,63,"If you choose to fight, turn to 63.",explicit_choice,,reckless,neutral,physical,
144,217,"If you wish to evade a fight, turn to 217.",explicit_choice,,cautious,neutral,tactical,
145,165,Turn to 165.,forced,,,,,Implicit death or unconsciousness
146,154,Turn to 154.,forced,,,,,Loss of 3 ENDURANCE points during the transition
147,42,"If you wish to follow it, turn to 42.",explicit_choice,,neutral,neutral,neutral,
147,28,"If you wish to return the way you have come, turn to 28.",explicit_choice,,neutral,neutral,neutral,
148,81,"If you want to stay in the farmhouse, turn to 81.",explicit_choice,,cautious,neutral,neutral,
148,320,"If you would feel safer in the forest, you can make a dash by turning to 320.",explicit_choice,,reckless,neutral,physical,
148,199,"If you wish to search the room further, turn to 199.",explicit_choice,,neutral,neutral,tactical,
149,256,Turn to 256.,forced,,,,,
150,83,Prepare your equipment and leave. Turn to 83.,forced,,,,,
151,87,"If you wish to use your Kai Discipline of Mind Over Matter to open this lock and levitate the pin, turn to 87.",conditional,If you wish to use your Kai Discipline of Mind Over Matter,,,,
151,337,"If you wish to remove the pin, turn to 337.",explicit_choice,,reckless,neutral,tactical,
152,49,"If you wish to lean over the counter and read the strange inscriptions, turn to 49.",explicit_choice,,reckless,neutral,tactical,
152,231,"If you are more interested in the potions, turn to 231.",explicit_choice,,neutral,neutral,neutral,
153,202,"If you will try your luck by the highway, turn to 202.",explicit_choice,,reckless,neutral,physical,
153,135,If you feel that you stand a better chance of reaching the capital via the river then turn to 135.,explicit_choice,,cautious,neutral,physical,
153,329,"Or if you are brave enough to risk the unknown perils of the Graveyard of the Ancients, turn to 329.",explicit_choice,,reckless,neutral,tactical,
155,70,Turn to 70.,forced,,,,,
156,294,"If you wish to dive into the water and swim with the current, turn to 294.",explicit_choice,,reckless,neutral,physical,
156,245,"If you wish to swim across to the cover of the trees on the other bank, turn to 245.",explicit_choice,,reckless,neutral,physical,
157,30,"If you wish to join the refugees and perhaps learn more of what has happened in the north, turn to 30.",explicit_choice,,neutral,neutral,tactical,
157,167,"If you would prefer to continue to move south but under cover of the trees, turn to 167.",explicit_choice,,cautious,neutral,tactical,
158,106,Turn to 106.,forced,,,,,"Loss of 6 ENDURANCE points during the transition. Potential additional loss of 4 ENDURANCE points based on a random roll (0-5 miss, 6-9 hit) before the forced transition."
159,191,You must fight him by turning to 191.,explicit_choice,,reckless,neutral,physical,
159,234,Or you must jump clear of the speeding caravan. Turn to 234.,explicit_choice,,reckless,neutral,physical,
160,286,"If it is 0–4, you have been seen. Turn to 286.",stochastic,If it is 0–4,,,,
160,10,"If it is 5–9, they do not spot you and they slowly file away along the far side of the ridge. Turn to 10.",stochastic,If it is 5–9,,,,
161,209,Turn to 209.,forced,,,,,
162,258,"If you have the Kai Discipline of Mind Over Matter, turn to 258.",conditional,If you have the Kai Discipline of Mind Over Matter,,,,
162,127,"If you do not have this skill, turn to 127.",conditional,If you do not have this skill,,,,
163,321,Turn to 321.,forced,,,,,
164,308,You now decide to investigate the stable by turning to 308.,forced,,,,,
165,212,Turn to 212.,forced,,,,,
166,104,Turn to 104.,forced,,,,,Loss of 4 ENDURANCE points during the transition
167,178,"If you possess and wish to use the Kai Discipline of Sixth Sense, turn to 178.",conditional,If you possess and wish to use the Kai Discipline of Sixth Sense,,,,
167,88,"If you wish to take a closer look, turn to 88.",explicit_choice,,reckless,neutral,tactical,
167,264,"If you would rather avoid meeting their owner and press on into the forest, turn to 264.",explicit_choice,,cautious,neutral,neutral,
168,64,Turn to 64.,forced,,,,,Player must take a Meal before proceeding
169,23,You may evade more fighting after the first round of combat and run for the archway by turning to 23.,explicit_choice,,cautious,selfish,physical,
169,137,"If you win the combat, turn to 137.",conditional,If you win the combat,,,,
170,319,"If you win, turn to 319.",forced,,,,,Combat outcome determines progression. Conditional penalty (deduct 3 COMBAT SKILL) applies if Torch is missing.
171,303,Turn to 303.,forced,,,,,
172,114,"If you wish to use the Kai Discipline of Camouflage to hide yourself and your horse, turn to 114.",conditional,If you wish to use the Kai Discipline of Camouflage,,,,
172,239,"If you wish to ride deeper into the forest to escape the Kraan, turn to 239.",explicit_choice,,cautious,selfish,physical,
172,29,"If you wish to prepare to fight the creature, turn to 29.",explicit_choice,,reckless,neutral,physical,
173,158,"If you have a Silver Key, you may try to open the door by turning to 158.",conditional,If you have a Silver Key,,,,
173,259,"If you do not possess a Silver Key, turn to 259.",conditional,If you do not possess a Silver Key,,,,
174,190,Turn to 190.,forced,,,,,Loss of Backpack and Weapons during the transition
175,182,"If you possess the Kai Discipline of Camouflage, turn to 182.",conditional,If you possess the Kai Discipline of Camouflage,,,,
175,41,"If you wish to take cover and hide, turn to 41.",explicit_choice,,cautious,neutral,tactical,
175,116,"If you wish to make for the other bank, turn to 116.",explicit_choice,,reckless,neutral,physical,
176,253,"If you wish to attack the remaining Doomwolves and their riders, turn to 253.",explicit_choice,,reckless,neutral,physical,
176,126,"If you wish to press on deeper into the forest, turn to 126.",explicit_choice,,cautious,neutral,neutral,
177,83,Turn to 83.,forced,,,,,
178,88,"If you wish to aid him, turn to 88.",explicit_choice,,reckless,noble,neutral,
178,264,"If you would rather leave him here, turn to 264.",explicit_choice,,cautious,selfish,neutral,
179,318,"If you wish to raise your hands above your head and walk slowly towards them, turn to 318.",explicit_choice,,reckless,neutral,tactical,
179,51,"If you wish to run for cover in the trees, turn to 51.",explicit_choice,,cautious,neutral,physical,
180,62,"If you kill all three of them, turn to 62.",conditional,If you kill all three of them,,,,
180,22,"If you wish to evade combat, turn to 22.",explicit_choice,,cautious,neutral,tactical,
181,288,Turn to 288.,forced,,,,,
182,174,Turn to 174.,forced,,,,,
183,97,"If you accept, turn to 97.",explicit_choice,,neutral,noble,neutral,
183,200,"If you decide to decline his offer, turn to 200.",explicit_choice,,cautious,selfish,neutral,
184,64,Turn to 64.,forced,,,,,Mandatory consumption of 1 Meal before transition
186,106,Turn to 106.,forced,,,,,
187,186,"If you wish to follow them, turn to 186.",explicit_choice,,reckless,neutral,physical,
187,228,"If you wish to let them go and continue, turn to 228.",explicit_choice,,cautious,neutral,neutral,
188,303,Now turn to 303.,forced,,,,,Loss of 3 ENDURANCE points during the transition
189,118,Turn to 118.,forced,,,,,
190,20,"If you wish to search the barge, turn to 20.",explicit_choice,,reckless,neutral,tactical,
190,273,"If you wish to press on, turn to 273.",explicit_choice,,cautious,neutral,neutral,
191,24,"If you win, turn to 24.",conditional,If you win,,,,
191,234,"If you wish to evade more combat during the fight, you can jump from the speeding caravan by turning to 234.",explicit_choice,,reckless,neutral,physical,
192,171,"If you veer off the highway towards the cover of the trees, turn to 171.",explicit_choice,,cautious,neutral,physical,
192,120,"If you press on regardless of the Kraan and gallop flat out down the highway, turn to 120.",explicit_choice,,reckless,neutral,physical,
193,253,"If you wish to fight them, turn to 253.",explicit_choice,,reckless,neutral,physical,
193,126,"If you wish to escape into the woods, turn to 126.",explicit_choice,,cautious,neutral,physical,
194,208,"If you wish to fight the Giaks, turn to 208.",explicit_choice,,reckless,noble,physical,
194,148,"If you wish to run to the farmhouse, turn to 148.",explicit_choice,,cautious,selfish,physical,
195,59,"If you wish to investigate this cave further, turn to 59.",explicit_choice,,reckless,neutral,tactical,
195,106,"If you wish to press on, turn to 106.",explicit_choice,,cautious,neutral,neutral,
196,332,"If you wish to follow the man into the passage, turn to 332.",explicit_choice,,reckless,neutral,neutral,
196,144,"If you do not want to enter the dark corridor, leave the guildhall and return to the street. Turn to 144.",explicit_choice,,cautious,neutral,neutral,
197,172,Turn to 172.,forced,,,,,
198,7,"If you wish to return to the street, turn to 7.",explicit_choice,,cautious,neutral,neutral,
198,152,"If you wish to examine the goods in the glass counter, turn to 152.",explicit_choice,,reckless,neutral,tactical,
199,81,Turn to 81.,forced,,,,,
200,168,"If you wish to use the Kai Discipline of Camouflage to hide in among the packing cases strapped to the roof, turn to 168.",conditional,If you wish to use the Kai Discipline of Camouflage,,,,
200,78,"If you wish to jump onto the caravan, turn to 78.",explicit_choice,,reckless,neutral,physical,
201,238,"If you wish to turn south along the new path, turn to 238.",explicit_choice,,neutral,neutral,neutral,
201,15,"But if you wish to head east, turn to 15.",explicit_choice,,neutral,neutral,neutral,
201,130,"Or if you wish to go west, turn to 130.",explicit_choice,,neutral,neutral,neutral,
202,58,Turn to 58.,forced,,,,,
203,80,"If you have 10 or more ENDURANCE points left, turn to 80.",conditional,If you have 10 or more ENDURANCE points left,,,,
203,344,"If you now have less than 10 ENDURANCE points, turn to 344.",conditional,If you now have less than 10 ENDURANCE points,,,,
204,111,Turn to 111.,forced,,,,,
205,181,"If the number you have picked is 0–4, turn to 181.",stochastic,If the number you have picked is 0–4,,,,
205,145,"If the number is 5–9, turn to 145.",stochastic,If the number is 5–9,,,,
206,224,Turn to 224.,forced,,,,,
207,30,Turn to 30.,forced,,,,,
208,148,"If you win, you can run to the safety of the farmhouse by turning to 148.",conditional,If you win,,,,
208,320,Or you can return to the woods by turning to 320.,conditional,If you win,,,,Implicitly requires winning the combat to make this choice
209,23,Turn to 23.,forced,,,,,
210,332,"If you wish to follow him into the dark passage, turn to 332.",explicit_choice,,reckless,neutral,neutral,
210,37,"If you are not completely happy about this man and wish to leave the Guildhall, turn to 37.",explicit_choice,,cautious,neutral,neutral,
211,244,If you possess the Kai Discipline of Sixth Sense turn to 244.,conditional,If you possess the Kai Discipline of Sixth Sense,,,,
211,173,"If you wish to walk across to the door, turn to 173.",explicit_choice,,reckless,neutral,neutral,
211,106,"If you would prefer to return to the surface and continue your journey, turn to 106.",explicit_choice,,cautious,neutral,neutral,
212,350,Turn to 350.,forced,,,,,Restoration of all lost ENDURANCE points during the transition
213,331,Turn to 331.,forced,,,,,
214,125,Turn to 125 and take the south path.,forced,,,,,
215,346,"If you wish to examine the skeleton, turn to 346.",explicit_choice,,reckless,neutral,tactical,
215,14,"If you would rather press on, turn to 14.",explicit_choice,,cautious,neutral,neutral,
216,264,Turn to 264.,forced,,,,,
217,91,"If you wish to enter, turn to 91.",explicit_choice,,reckless,neutral,neutral,
217,7,"If you wish to wait until you are sure the madman has disappeared and then return to the main street, turn to 7.",explicit_choice,,cautious,neutral,tactical,
218,75,Turn to 75.,forced,,,,,
220,24,"If you win, turn to 24.",conditional,If you win,,,,
220,234,"If you wish to evade combat at any time during the fight, you can jump from the speeding caravan by turning to 234.",explicit_choice,,reckless,neutral,physical,
221,318,Turn to 318.,forced,,,,,
222,67,"If you wish to use your Kai Discipline of Tracking, turn to 67.",conditional,If you wish to use your Kai Discipline of Tracking,,,,
222,140,"If you wish to take the south fork, turn to 140.",explicit_choice,,neutral,neutral,neutral,
222,252,"If you wish to take the east fork, turn to 252.",explicit_choice,,neutral,neutral,neutral,
223,75,"If you wish to hide behind the log, turn to 75.",explicit_choice,,cautious,neutral,tactical,
223,175,"If you wish to climb onto the log and prepare to catch the riders’ attention, then turn to 175.",explicit_choice,,reckless,neutral,tactical,
224,153,Turn to 153.,forced,,,,,
225,187,"If you say ‘Do not be afraid, I am a friend,’turn to 187.",explicit_choice,,cautious,noble,neutral,
225,39,"If you say ‘I am a Kai Lord. I wish you no harm. I must talk with you,’turn to 39.",explicit_choice,,neutral,neutral,neutral,
226,277,"If the number you have picked is 0–4, turn to 277.",stochastic,If the number you have picked is 0–4,,,,
226,338,"If the number is 5–9, turn to 338.",stochastic,If the number is 5–9,,,,
227,271,"If you lose any ENDURANCE points in the combat, turn to 271.",conditional,If you lose any ENDURANCE points in the combat,,,,
227,348,"If you kill it without losing any ENDURANCE points, turn to 348.",conditional,If you kill it without losing any ENDURANCE points,,,,
228,140,"If you continue east, cutting through the vegetation with your weapon, turn to 140.",explicit_choice,,reckless,neutral,physical,
228,215,"If you head south to where the bushes are less dense and then press on through the forest, turn to 215.",explicit_choice,,cautious,neutral,neutral,
229,267,Will you search the body by turning to 267?,conditional,If you win,,,,This choice is only possible if the combat is won
229,125,Or will you continue along the east path by turning to 125?,conditional,If you win,,,,This choice is only possible if the combat is won
230,179,Turn to 179.,forced,,,,,
231,94,"If you kill him within 4 rounds of combat, turn to 94.",conditional,If you kill him within 4 rounds of combat,,,,Based on a rare condition : combat speed
231,203,"If you are still fighting after 4 rounds of combat, turn to 203.",conditional,If you are still fighting after 4 rounds of combat,,,,Based on a rare condition : combat speed
231,7,"You may evade more fighting after 2 rounds of combat by dashing through the front door. If you wish to do this, turn to 7.",explicit_choice,,cautious,neutral,physical,
232,180,"If you wish to fight them, turn to 180.",explicit_choice,,reckless,neutral,physical,
232,22,"If you wish to run, turn to 22.",explicit_choice,,cautious,selfish,physical,
233,206,Turn to 206.,forced,,,,,
235,254,"If you wish to use your Kai Discipline of Tracking, turn to 254.",conditional,If you wish to use your Kai Discipline of Tracking,,,,
235,32,"If you wish to turn left, go to 32.",explicit_choice,,neutral,neutral,neutral,
235,146,"If you wish to turn right, go to 146.",explicit_choice,,neutral,neutral,neutral,
236,104,Turn to 104.,forced,,,,,Loss of 6 ENDURANCE points and permanent reduction of 1 COMBAT SKILL point during the transition
237,265,"If you have picked a number 0–4, then you have passed undetected. Turn to 265.",stochastic,If you have picked a number 0–4,,,,
237,72,"If you have picked a number 5–9, then you are not so lucky! Turn to 72.",stochastic,If you have picked a number 5–9,,,,
238,42,You may leave by the south route by turning to 42.,explicit_choice,,cautious,neutral,neutral,
238,68,Or you may take the north track by turning to 68.,explicit_choice,,neutral,neutral,neutral,
239,34,"If you wish to enter the clearing and take the south exit, turn to 34.",explicit_choice,,neutral,neutral,neutral,
239,118,"If you would rather skirt the edge of the clearing and pick up the track further on, turn to 118.",explicit_choice,,cautious,neutral,tactical,
240,79,Turn to 79.,forced,,,,,
241,349,Turn to 349.,forced,,,,,
242,166,"If you have the Kai Discipline of Mindshield, turn to 166.",conditional,If you have the Kai Discipline of Mindshield,,,,
242,9,"If you do not, turn to 9.",conditional,If you do not,,,,
243,97,Continue along the hidden path by turning to 97.,forced,,,,,
244,93,Turn to 93.,forced,,,,,
245,190,Turn to 190.,forced,,,,,
246,197,"If you win, turn to 197.",forced,,,,,Implicit death condition if combat is lost
247,159,"If you decide to offer him something of greater value that you have in your Backpack, turn to 159.",explicit_choice,,cautious,neutral,tactical,
247,220,"If you prepare to fight the bodyguard, turn to 220.",explicit_choice,,reckless,neutral,physical,
248,44,"If you wish to follow this track north, turn to 44.",explicit_choice,,neutral,neutral,neutral,
248,300,"If you wish to follow this track east, turn to 300.",explicit_choice,,neutral,neutral,neutral,
249,169,"If you wish to walk across the room to the archway, turn to 169.",explicit_choice,,neutral,neutral,neutral,
249,107,"If you wish to attack the skulls, turn to 107.",explicit_choice,,reckless,neutral,physical,
250,186,"If you wish to follow them, turn to 186.",explicit_choice,,reckless,neutral,physical,
250,228,"If you wish to continue, turn to 228.",explicit_choice,,cautious,neutral,neutral,
251,10,Turn to 10.,forced,,,,,
252,155,"If you wish to approach them and ask who they are, turn to 155.",explicit_choice,,reckless,neutral,neutral,
252,70,"If you wish to avoid them and continue onwards on your mission, turn to 70.",explicit_choice,,cautious,neutral,neutral,
253,278,"If you kill them all in battle, turn to 278.",forced,,,,,"Combat sequence with multiple enemies. Only one outcome provided (victory), implying death is the implicit alternative not captured in a choice tag."
254,32,"If you wish to turn left, go to 32.",explicit_choice,,neutral,neutral,neutral,
254,146,"If you wish to turn right, go to 146.",explicit_choice,,neutral,neutral,neutral,
255,82,"If you win, turn to 82.",forced,,,,,"Combat outcome determines progression, but only one choice tag exists"
256,224,Turn to 224.,forced,,,,,
257,133,"If you wish to examine the statue, turn to 133.",explicit_choice,,neutral,neutral,tactical,
257,161,"If you wish to sit on the seat, turn to 161.",explicit_choice,,reckless,neutral,neutral,
258,50,Turn to 50.,forced,,,,,Loss of Backpack and Weapons during the transition
260,156,"If you win, turn to 156.",forced,,,,,Combat scenario with only one outcome option provided in the text
261,208,"If you wish to run back to the wagon and defend the children, turn to 208.",explicit_choice,,reckless,noble,physical,
261,264,"If you want to run deeper into the forest, turn to 264.",explicit_choice,,cautious,selfish,physical,
262,191,"If you wish to fight, turn to 191.",explicit_choice,,reckless,neutral,physical,
262,234,"If you wish to evade combat, jump clear of the speeding caravan by turning to 234.",explicit_choice,,reckless,neutral,physical,
263,70,"You may continue downstream, by turning to 70.",explicit_choice,,neutral,neutral,neutral,
263,157,Or you may leave the stream and make your way on foot through the wooded hills to the south by turning to 157.,explicit_choice,,neutral,neutral,neutral,
264,97,"If you wish to follow the sound, turn to 97.",explicit_choice,,reckless,neutral,tactical,
264,6,"If you would rather continue south, turn to 6.",explicit_choice,,cautious,neutral,neutral,
265,142,Turn to 142.,forced,,,,,
266,209,Turn to 209.,forced,,,,,
267,125,Turn to 125.,forced,,,,,
268,288,Turn to 288.,forced,,,,,
269,314,"If you accept his offer, turn to 314.",explicit_choice,,cautious,neutral,neutral,
269,7,"If you would prefer to trust your own sense of direction, turn to 7.",explicit_choice,,neutral,neutral,neutral,
270,21,Turn to 21.,forced,,,,,
272,134,"If you have the Kai Discipline of Tracking, you may turn to 134.",conditional,If you have the Kai Discipline of Tracking,,,,
272,305,"If you do not possess this skill, you prepare your weapon and stealthily approach the huts. Turn to 305.",conditional,If you do not possess this skill,,,,
273,179,"If you wish to approach the barges, turn to 179.",explicit_choice,,reckless,neutral,tactical,
273,51,"If you wish to take cover in the trees, turn to 51.",explicit_choice,,cautious,neutral,tactical,
274,331,Turn to 331.,forced,,,,,Loss of Weapon(s) during the transition
275,345,"If the number you have picked is 0–4, turn to 345.",stochastic,If the number you have picked is 0–4,,,,
275,74,"If the number is 5–9, turn to 74.",stochastic,If the number is 5–9,,,,
276,213,Lose 1 ENDURANCE point and turn to 213.,forced,,,,,Loss of 1 ENDURANCE point during the transition
277,113,Turn to 113.,forced,,,,,Loss of a Weapon during the transition
278,149,Turn to 149.,forced,,,,,
279,112,"If the number you have picked is 0–6, turn to 112.",stochastic,If the number you have picked is 0–6,,,,
279,96,"If the number is 7–9, turn to 96.",stochastic,If the number is 7–9,,,,
280,327,"If you decide to draw your weapon and remain completely still, in the hope that the Kraan will not spot you, turn to 327.",explicit_choice,,reckless,neutral,tactical,
280,170,"If you decide to quickly descend the hillside and take cover in the tunnel, turn to 170.",explicit_choice,,cautious,neutral,physical,
281,311,"If you break cover and climb up the hill, turn to 311.",explicit_choice,,reckless,neutral,physical,
281,77,"If you change direction and continue your run through the forest, turn to 77.",explicit_choice,,cautious,neutral,physical,
282,11,Turn to 11.,forced,,,,,
283,123,"If you win, turn to 123.",forced,,,,,Combat encounter with a Vordak. Contains implicit death condition if the player loses.
284,71,Turn to 71.,forced,,,,,
285,325,Turn to 325.,forced,,,,,
287,13,"If you decide to return to the junction and head east, turn to 13.",explicit_choice,,cautious,neutral,neutral,
287,330,"If you decide to hack your way slowly through the undergrowth in this present direction, turn to 330.",explicit_choice,,reckless,neutral,physical,
288,129,Turn to 129.,forced,,,,,
289,139,Turn to 139.,forced,,,,,
290,140,Turn to 140.,forced,,,,,
291,272,Turn to 272.,forced,,,,,
293,281,Turn to 281.,forced,,,,,
294,230,"If the number you pick is 0–2, turn to 230.",stochastic,If the number you pick is 0–2,,,,
294,190,"If the number is 3–6, turn to 190.",stochastic,If the number is 3–6,,,,
294,321,"If the number is 7–9, turn to 321.",stochastic,If the number is 7–9,,,,
295,185,"If you wish to remain where you are in order to try to spot the hidden archer, turn to 185.",explicit_choice,,reckless,neutral,tactical,
295,92,"If you wish to run for the cover of denser undergrowth, turn to 92.",explicit_choice,,cautious,neutral,physical,
296,90,Turn to 90.,forced,,,,,
297,117,Turn to 117.,forced,,,,,
298,121,"If you wish to continue your journey along the track, turn to 121.",explicit_choice,,neutral,neutral,neutral,
298,38,"If you wish to leave the track and continue through the forest instead, turn to 38.",explicit_choice,,neutral,neutral,neutral,
299,227,"If you wish to continue, turn to 227.",explicit_choice,,reckless,neutral,physical,
299,95,"If you wish to change direction and head towards firmer ground, turn to 95.",explicit_choice,,cautious,neutral,tactical,
300,13,You may now continue on your journey by turning to 13.,forced,,,,,Consumption of a Meal required before transition
301,27,You choose the south path and turn to 27.,forced,,,,,
302,110,"If the number you have picked is 0–2, turn to 110.",stochastic,If the number you have picked is 0–2,,,,
302,285,"If the number is 3–9, turn to 285.",stochastic,If the number is 3–9,,,,
303,237,"If you have the Kai Discipline of Camouflage, turn to 237.",conditional,If you have the Kai Discipline of Camouflage,,,,
303,72,"If you do not, turn to 72.",conditional,If you do not,,,,
304,2,Turn to 2.,forced,,,,,Loss of 2 ENDURANCE points during the transition
305,105,Turn to 105.,forced,,,,,
307,213,Turn to 213.,forced,,,,,"Contains optional item acquisition (Meal, Warhammer) before forced transition"
308,122,"If you wish to use the Kai Discipline of Animal Kinship, turn to 122.",conditional,If you wish to use the Kai Discipline of Animal Kinship,,,,
308,233,"If you wish to chase after the runaway horse, turn to 233.",explicit_choice,,reckless,neutral,physical,
310,37,Turn to 37.,forced,,,,,
311,324,"If you have the Kai Discipline of Camouflage, turn to 324.",conditional,If you have the Kai Discipline of Camouflage,,,,
311,279,"If you wish to hide in the cave, turn to 279.",explicit_choice,,cautious,neutral,tactical,
311,47,"If you wish to avoid the cave and continue your climb to the peak, turn to 47.",explicit_choice,,reckless,neutral,physical,
312,299,Turn to 299.,forced,,,,,
313,248,Turn to 248.,forced,,,,,Loss of 1 ENDURANCE point during the transition
314,341,"If you have picked a number that is 0–6, turn to 341.",stochastic,If you have picked a number that is 0–6,,,,
314,98,"If the number is 7–9, turn to 98.",stochastic,If the number is 7–9,,,,
315,213,Turn to 213.,forced,,,,,
316,331,Turn to 331.,forced,,,,,
317,61,Turn to 61.,forced,,,,,
318,129,Turn to 129.,forced,,,,,
319,157,Turn to 157.,forced,,,,,Player acquires 20 Gold Crowns and a Dagger during the transition
320,264,Turn to 264.,forced,,,,,Loss of 2 ENDURANCE points during the transition
321,273,Turn to 273.,forced,,,,,
322,17,"If you are going to stand and fight it as it swoops down, turn to 17.",explicit_choice,,reckless,neutral,physical,
322,89,"If you are going to evade its attack and slide down the other side of the hill, away from the Kraan, turn to 89.",explicit_choice,,reckless,neutral,physical,
323,290,"If you wish to open this box, turn to 290.",explicit_choice,,reckless,neutral,neutral,
323,140,"If you would prefer to descend the ladder and leave the tower, taking care to use only the good rungs, turn to 140.",explicit_choice,,cautious,neutral,physical,
324,33,"If you wish to explore the cave, turn to 33.",explicit_choice,,reckless,neutral,tactical,
324,248,"If you wish to leave and descend the hill in case the Giaks return, turn to 248.",explicit_choice,,cautious,neutral,tactical,
325,349,Turn to 349.,forced,,,,,
326,61,Turn to 61.,forced,,,,,
328,76,"If you wish to take the Gem, turn to 76.",explicit_choice,,reckless,selfish,neutral,
328,118,"If you would rather leave as quickly as possible, turn to 118.",explicit_choice,,cautious,neutral,neutral,
329,284,Turn to 284.,forced,,,,,
330,315,"If you wish to examine the contents of the bundle, turn to 315.",explicit_choice,,reckless,neutral,tactical,
330,213,"If you wish to leave it where it is and continue your mission, turn to 213.",explicit_choice,,cautious,neutral,neutral,
331,170,"If you wish to enter the tunnel, turn to 170.",explicit_choice,,reckless,neutral,neutral,
331,280,"If you would prefer to climb the hillside, turn to 280.",explicit_choice,,cautious,neutral,physical,
332,350,Turn to 350.,forced,,,,,
333,131,Turn to 131.,forced,,,,,
334,48,"If you wish to use the Kai Discipline of Sixth Sense, turn to 48.",conditional,If you wish to use the Kai Discipline of Sixth Sense,,,,
334,73,"If you wish to use the Kai Discipline of Camouflage and wait for them to pass, turn to 73.",conditional,If you wish to use the Kai Discipline of Camouflage,,,,
334,162,"If you wish to approach them, turn to 162.",explicit_choice,,reckless,neutral,neutral,
335,121,Turn to 121.,forced,,,,,
336,117,"If you win, you free the ranger and turn to 117.",forced,,,,,Implicit risk of death if combat is lost
337,219,"If the number picked is 0–4, turn to 219.",stochastic,If the number picked is 0–4,,,,
337,317,"If the number is 5–9, turn to 317.",stochastic,If the number is 5–9,,,,
338,113,Turn to 113.,forced,,,,,
339,94,"If you kill him within 4 rounds of Combat, turn to 94.",conditional,If you kill him within 4 rounds of Combat,,,,Based on a rare condition : combat speed
339,203,"If you are still fighting after 4 rounds of Combat, turn to 203.",conditional,If you are still fighting after 4 rounds of Combat,,,,Based on a rare condition : combat speed
339,7,"You may evade combat by escaping through the front door at any stage of the fight, by turning to 7.",explicit_choice,,cautious,neutral,tactical,
340,193,"If you win the fight, turn to 193.",forced,,,,,Combat scenario with only one outcome provided (win). Implicit death condition if lost.
341,310,"If you wish to use the Kai Discipline of Tracking, turn to 310.",conditional,If you wish to use the Kai Discipline of Tracking,,,,
341,210,"If you wish to enter the Guildhall, turn to 210.",explicit_choice,,neutral,neutral,neutral,
341,37,"If you wish to search for another route into the citadel, turn to 37.",explicit_choice,,neutral,neutral,tactical,
342,123,"If you win, turn to 123.",forced,,,,,"Combat outcome determines progression, but only one choice tag exists"
343,213,Lose 2 ENDURANCE points and turn to 213.,forced,,,,,Loss of 2 ENDURANCE points during the transition
344,60,Turn to 60.,forced,,,,,
345,272,"You can now return to the track, by turning to 272.",explicit_choice,,cautious,neutral,neutral,
345,19,Or push on under cover of the trees. Turn to 19.,explicit_choice,,neutral,neutral,tactical,
346,14,"To leave the clearing, turn to 14.",forced,,,,,
347,103,Turn to 103.,forced,,,,,
348,95,Turn to 95.,forced,,,,,
349,293,Turn to 293.,forced,,,,,Acquisition of item: Crystal Star Pendant
