source_id,target_id,transition_kind,weight_rule,weight_value,weight_expression,condition_kind,condition_value,semantic_risk,semantic_morality,semantic_action,source_ref,note
1,141,kai,formula,,"kai_available(""Sixth Sense"")",kai_discipline,Sixth Sense,,,,LW01_e_edges.csv:2,Kai route is taken whenever the discipline is available.
1,85,profile_choice,formula,,"(1 - kai_available(""Sixth Sense"")) * choice_share(1, 85)",,,neutral,neutral,neutral,LW01_e_edges.csv:3,Choice among routes remaining when the Kai route is unavailable.
1,275,profile_choice,formula,,"(1 - kai_available(""Sixth Sense"")) * choice_share(1, 275)",,,neutral,neutral,neutral,LW01_e_edges.csv:4,Choice among routes remaining when the Kai route is unavailable.
2,343,random,constant,0.5,,,,,,,LW01_e_edges.csv:5,
2,276,random,constant,0.5,,,,,,,LW01_e_edges.csv:6,
3,196,profile_choice,profile_choice,,,,,reckless,neutral,neutral,LW01_e_edges.csv:7,
3,144,profile_choice,profile_choice,,,,,cautious,neutral,neutral,LW01_e_edges.csv:8,
4,218,kai,formula,,"kai_available(""Sixth Sense"")",kai_discipline,Sixth Sense,,,,LW01_e_edges.csv:9,Kai route is taken whenever the discipline is available.
4,75,profile_choice,formula,,"(1 - kai_available(""Sixth Sense"")) * choice_share(4, 75)",,,cautious,neutral,tactical,LW01_e_edges.csv:10,Choice among routes remaining when the Kai route is unavailable.
4,175,profile_choice,formula,,"(1 - kai_available(""Sixth Sense"")) * choice_share(4, 175)",,,reckless,neutral,tactical,LW01_e_edges.csv:11,Choice among routes remaining when the Kai route is unavailable.
5,111,forced,constant,1,,,,,,,LW01_e_edges.csv:12,
6,183,profile_choice,profile_choice,,,,,reckless,neutral,tactical,LW01_e_edges.csv:13,
6,200,profile_choice,profile_choice,,,,,cautious,neutral,tactical,LW01_e_edges.csv:14,
7,108,random,constant,0.3,,,,,,,LW01_e_edges.csv:15,
7,25,random,constant,0.7,,,,,,,LW01_e_edges.csv:16,
8,70,forced,constant,1,,,,,,,LW01_e_edges.csv:17,
10,115,profile_choice,profile_choice,,,,,cautious,neutral,neutral,LW01_e_edges.csv:20,
10,83,profile_choice,profile_choice,,,,,reckless,neutral,physical,LW01_e_edges.csv:21,
11,139,forced,constant,1,,,,,,,LW01_e_edges.csv:22,
13,307,profile_choice,profile_choice,,,,,reckless,neutral,physical,LW01_e_edges.csv:25,
13,213,profile_choice,profile_choice,,,,,cautious,neutral,neutral,LW01_e_edges.csv:26,
14,43,profile_choice,profile_choice,,,,,reckless,neutral,physical,LW01_e_edges.csv:27,
14,106,profile_choice,profile_choice,,,,,cautious,neutral,physical,LW01_e_edges.csv:28,
15,207,profile_choice,profile_choice,,,,,neutral,neutral,neutral,LW01_e_edges.csv:29,
15,201,profile_choice,profile_choice,,,,,neutral,neutral,neutral,LW01_e_edges.csv:30,
15,35,profile_choice,profile_choice,,,,,neutral,neutral,neutral,LW01_e_edges.csv:31,
16,192,forced,constant,1,,,,,,,LW01_e_edges.csv:32,
17,53,combat,formula,,combat_win(17) * 0.1,,,,,,LW01_e_edges.csv:33,Combat victory followed by a random-number result.
17,274,combat,formula,,combat_win(17) * 0.2,,,,,,LW01_e_edges.csv:34,Combat victory followed by a random-number result.
17,316,combat,formula,,combat_win(17) * 0.7,,,,,,LW01_e_edges.csv:35,Combat victory followed by a random-number result.
17,Death,combat,formula,,1 - combat_win(17),,,,,,generated:combat_death:17,Implicit death when the combat is lost.
18,114,kai,formula,,"kai_available(""Camouflage"")",kai_discipline,Camouflage,,,,LW01_e_edges.csv:36,Kai route is taken whenever the discipline is available.
18,239,profile_choice,formula,,"(1 - kai_available(""Camouflage"")) * choice_share(18, 239)",,,cautious,neutral,physical,LW01_e_edges.csv:37,Choice among routes remaining when the Kai route is unavailable.
18,29,profile_choice,formula,,"(1 - kai_available(""Camouflage"")) * choice_share(18, 29)",,,reckless,neutral,physical,LW01_e_edges.csv:38,Choice among routes remaining when the Kai route is unavailable.
19,69,kai,formula,,"kai_available(""Tracking"")",kai_discipline,Tracking,,,,LW01_e_edges.csv:39,Kai route is taken whenever the discipline is available.
19,272,profile_choice,formula,,"(1 - kai_available(""Tracking"")) * choice_share(19, 272)",,,cautious,neutral,neutral,LW01_e_edges.csv:40,Choice among routes remaining when the Kai route is unavailable.
19,119,profile_choice,formula,,"(1 - kai_available(""Tracking"")) * choice_share(19, 119)",,,reckless,neutral,physical,LW01_e_edges.csv:41,Choice among routes remaining when the Kai route is unavailable.
20,273,forced,constant,1,,,,,,,LW01_e_edges.csv:42,
22,181,random,constant,0.5,,,,,,,LW01_e_edges.csv:46,
22,145,random,constant,0.5,,,,,,,LW01_e_edges.csv:47,
24,234,profile_choice,profile_choice,,,,,reckless,neutral,physical,LW01_e_edges.csv:51,
24,184,profile_choice,profile_choice,,,,,reckless,neutral,physical,LW01_e_edges.csv:52,
25,139,forced,constant,1,,,,,,,LW01_e_edges.csv:53,
26,249,profile_choice,profile_choice,,,,,neutral,neutral,neutral,LW01_e_edges.csv:54,
26,100,profile_choice,profile_choice,,,,,cautious,neutral,neutral,LW01_e_edges.csv:55,
27,250,profile_choice,profile_choice,,,,,reckless,neutral,physical,LW01_e_edges.csv:56,
27,52,profile_choice,profile_choice,,,,,cautious,neutral,tactical,LW01_e_edges.csv:57,
28,130,profile_choice,profile_choice,,,,,neutral,neutral,neutral,LW01_e_edges.csv:58,
28,147,profile_choice,profile_choice,,,,,neutral,neutral,neutral,LW01_e_edges.csv:59,
29,270,combat,formula,,combat_win(29),,,,,,LW01_e_edges.csv:60,"Transition after combat victory. | Combat outcome determines progression, but only one choice tag exists. Deduction of 2 COMBAT SKILL points unless Mindshield is possessed."
29,Death,combat,formula,,1 - combat_win(29),,,,,,generated:combat_death:29,Implicit death when the combat is lost.
30,194,profile_choice,profile_choice,,,,,reckless,noble,physical,LW01_e_edges.csv:61,
30,261,profile_choice,profile_choice,,,,,cautious,selfish,physical,LW01_e_edges.csv:62,
31,264,forced,constant,1,,,,,,,LW01_e_edges.csv:63,
32,176,profile_choice,profile_choice,,,,,cautious,neutral,tactical,LW01_e_edges.csv:64,
32,340,profile_choice,profile_choice,,,,,reckless,neutral,physical,LW01_e_edges.csv:65,
33,248,forced,constant,1,,,,,,,LW01_e_edges.csv:66,
34,328,combat,formula,,combat_win(34),,,,,,LW01_e_edges.csv:67,"Transition after combat victory. | Combat outcome determines progression, but only one choice tag exists. Deduction of 2 COMBAT SKILL points unless Mindshield is possessed."
34,Death,combat,formula,,1 - combat_win(34),,,,,,generated:combat_death:34,Implicit death when the combat is lost.
35,207,forced,constant,1,,,,,,,LW01_e_edges.csv:68,
36,140,random,constant,0.5,,,,,,,LW01_e_edges.csv:69,Loss of 2 ENDURANCE points during the transition
36,323,random,constant,0.5,,,,,,,LW01_e_edges.csv:70,
37,282,kai,formula,,"kai_available(""Camouflage"")",kai_discipline,Camouflage,,,,LW01_e_edges.csv:71,Kai route is taken whenever the discipline is available.
37,289,profile_choice,formula,,"1 - kai_available(""Camouflage"")",,,reckless,neutral,neutral,LW01_e_edges.csv:72,Choice among routes remaining when the Kai route is unavailable.
38,128,profile_choice,profile_choice,,,,,reckless,neutral,tactical,LW01_e_edges.csv:73,
38,347,profile_choice,profile_choice,,,,,cautious,neutral,tactical,LW01_e_edges.csv:74,
39,228,forced,constant,1,,,,,,,LW01_e_edges.csv:75,
40,105,forced,constant,1,,,,,,,LW01_e_edges.csv:76,
41,174,profile_choice,profile_choice,,,,,reckless,neutral,physical,LW01_e_edges.csv:77,
41,116,profile_choice,profile_choice,,,,,reckless,neutral,physical,LW01_e_edges.csv:78,
42,86,profile_choice,profile_choice,,,,,neutral,neutral,neutral,LW01_e_edges.csv:79,
42,238,profile_choice,profile_choice,,,,,neutral,neutral,neutral,LW01_e_edges.csv:80,
42,157,profile_choice,profile_choice,,,,,neutral,neutral,neutral,LW01_e_edges.csv:81,
42,147,profile_choice,profile_choice,,,,,neutral,neutral,neutral,LW01_e_edges.csv:82,
44,277,random,constant,0.5,,,,,,,LW01_e_edges.csv:85,
44,338,random,constant,0.5,,,,,,,LW01_e_edges.csv:86,
45,180,forced,constant,1,,,,,,,LW01_e_edges.csv:87,
46,296,kai,formula,,"kai_available(""Sixth Sense"")",kai_discipline,Sixth Sense,,,,LW01_e_edges.csv:88,Kai route is taken whenever the discipline is available.
46,246,profile_choice,formula,,"(1 - kai_available(""Sixth Sense"")) * choice_share(46, 246)",,,reckless,neutral,neutral,LW01_e_edges.csv:89,Choice among routes remaining when the Kai route is unavailable.
46,90,profile_choice,formula,,"(1 - kai_available(""Sixth Sense"")) * choice_share(46, 90)",,,cautious,neutral,physical,LW01_e_edges.csv:90,Choice among routes remaining when the Kai route is unavailable.
47,136,profile_choice,profile_choice,,,,,reckless,neutral,physical,LW01_e_edges.csv:91,
47,322,profile_choice,profile_choice,,,,,cautious,neutral,physical,LW01_e_edges.csv:92,
48,243,forced,constant,1,,,,,,,LW01_e_edges.csv:93,
49,339,random,constant,0.5,,,,,,,LW01_e_edges.csv:94,
49,60,random,constant,0.5,,,,,,,LW01_e_edges.csv:95,
50,97,profile_choice,profile_choice,,,,,reckless,neutral,neutral,LW01_e_edges.csv:96,
50,243,profile_choice,profile_choice,,,,,cautious,neutral,neutral,LW01_e_edges.csv:97,
51,288,profile_choice,profile_choice,,,,,reckless,neutral,tactical,LW01_e_edges.csv:98,
51,221,profile_choice,profile_choice,,,,,reckless,neutral,physical,LW01_e_edges.csv:99,
52,225,kai,formula,,"kai_available(""Animal Kinship"")",kai_discipline,Animal Kinship,,,,LW01_e_edges.csv:100,Kai route is taken whenever the discipline is available.
52,250,kai,formula,,"1 - kai_available(""Animal Kinship"")",kai_discipline_absent,Animal Kinship,,,,LW01_e_edges.csv:101,
53,Death,outcome,constant,1,,,,,,,LW01_nodes.csv:53,Written narrative ending linked to its shared outcome.
54,Death,outcome,constant,1,,,,,,,LW01_nodes.csv:54,Written narrative ending linked to its shared outcome.
55,325,combat,formula,,combat_win(55),,,,,,LW01_e_edges.csv:102,"Transition after combat victory. | Combat outcome determines progression, but only one choice tag exists"
55,Death,combat,formula,,1 - combat_win(55),,,,,,generated:combat_death:55,Implicit death when the combat is lost.
56,222,forced,constant,1,,,,,,,LW01_e_edges.csv:103,
57,164,profile_choice,profile_choice,,,,,reckless,neutral,tactical,LW01_e_edges.csv:104,
57,109,profile_choice,profile_choice,,,,,reckless,neutral,tactical,LW01_e_edges.csv:105,
57,308,profile_choice,profile_choice,,,,,neutral,neutral,tactical,LW01_e_edges.csv:106,
58,251,profile_choice,profile_choice,,,,,cautious,neutral,tactical,LW01_e_edges.csv:107,
58,160,profile_choice,profile_choice,,,,,reckless,neutral,physical,LW01_e_edges.csv:108,
59,124,profile_choice,profile_choice,,,,,reckless,neutral,neutral,LW01_e_edges.csv:109,
59,106,profile_choice,profile_choice,,,,,cautious,neutral,neutral,LW01_e_edges.csv:110,
59,211,profile_choice,profile_choice,,,,,neutral,neutral,tactical,LW01_e_edges.csv:111,
60,Death,outcome,constant,1,,,,,,,LW01_nodes.csv:60,Written narrative ending linked to its shared outcome.
61,268,forced,constant,1,,,,,,,LW01_e_edges.csv:112,
62,288,forced,constant,1,,,,,,,LW01_e_edges.csv:113,
63,269,combat,formula,,combat_win(63),,,,,,LW01_e_edges.csv:114,"Transition after combat victory. | Combat outcome determines progression, but only one choice tag exists"
63,Death,combat,formula,,1 - combat_win(63),,,,,,generated:combat_death:63,Implicit death when the combat is lost.
64,188,profile_choice,profile_choice,,,,,cautious,selfish,physical,LW01_e_edges.csv:115,
64,16,profile_choice,profile_choice,,,,,reckless,neutral,physical,LW01_e_edges.csv:116,
65,104,forced,constant,1,,,,,,,LW01_e_edges.csv:117,
66,350,forced,constant,1,,,,,,,LW01_e_edges.csv:118,
67,252,forced,constant,1,,,,,,,LW01_e_edges.csv:119,
68,130,profile_choice,profile_choice,,,,,neutral,neutral,neutral,LW01_e_edges.csv:120,
68,15,profile_choice,profile_choice,,,,,neutral,neutral,neutral,LW01_e_edges.csv:121,
69,272,forced,constant,1,,,,,,,LW01_e_edges.csv:122,
70,8,kai,formula,,"kai_available(""Sixth Sense"")",kai_discipline,Sixth Sense,,,,LW01_e_edges.csv:123,Kai route is taken whenever the discipline is available.
70,28,profile_choice,formula,,"(1 - kai_available(""Sixth Sense"")) * choice_share(70, 28)",,,neutral,neutral,neutral,LW01_e_edges.csv:124,Choice among routes remaining when the Kai route is unavailable.
70,157,profile_choice,formula,,"(1 - kai_available(""Sixth Sense"")) * choice_share(70, 157)",,,neutral,neutral,neutral,LW01_e_edges.csv:125,Choice among routes remaining when the Kai route is unavailable.
71,65,kai,formula,,"kai_available(""Sixth Sense"")",kai_discipline,Sixth Sense,,,,LW01_e_edges.csv:126,Kai route is taken whenever the discipline is available.
71,242,profile_choice,formula,,"(1 - kai_available(""Sixth Sense"")) * choice_share(71, 242)",,,reckless,selfish,physical,LW01_e_edges.csv:127,Choice among routes remaining when the Kai route is unavailable.
71,104,profile_choice,formula,,"(1 - kai_available(""Sixth Sense"")) * choice_share(71, 104)",,,cautious,neutral,neutral,LW01_e_edges.csv:128,Choice among routes remaining when the Kai route is unavailable.
72,265,combat,formula,,combat_win(72),,,,,,LW01_e_edges.csv:129,"Transition after combat victory. | Combat outcome determines progression, but only one choice tag exists"
72,Death,combat,formula,,1 - combat_win(72),,,,,,generated:combat_death:72,Implicit death when the combat is lost.
73,243,forced,constant,1,,,,,,,LW01_e_edges.csv:130,
74,138,profile_choice,profile_choice,,,,,reckless,neutral,physical,LW01_e_edges.csv:131,
74,281,profile_choice,profile_choice,,,,,cautious,neutral,physical,LW01_e_edges.csv:132,
75,260,profile_choice,profile_choice,,,,,reckless,noble,physical,LW01_e_edges.csv:133,
75,163,profile_choice,profile_choice,,,,,cautious,selfish,tactical,LW01_e_edges.csv:134,
76,118,forced,constant,1,,,,,,,LW01_e_edges.csv:135,Loss of 2 ENDURANCE points during the transition
77,19,forced,constant,1,,,,,,,LW01_e_edges.csv:136,
78,132,profile_choice,profile_choice,,,,,cautious,neutral,neutral,LW01_e_edges.csv:137,
78,12,profile_choice,profile_choice,,,,,cautious,selfish,neutral,LW01_e_edges.csv:138,
78,220,profile_choice,profile_choice,,,,,reckless,neutral,physical,LW01_e_edges.csv:139,
79,204,forced,constant,1,,,,,,,LW01_e_edges.csv:140,
80,7,forced,constant,1,,,,,,,LW01_e_edges.csv:141,
81,183,profile_choice,profile_choice,,,,,cautious,neutral,neutral,LW01_e_edges.csv:142,
81,200,profile_choice,profile_choice,,,,,neutral,neutral,neutral,LW01_e_edges.csv:143,
82,235,forced,constant,1,,,,,,,LW01_e_edges.csv:144,
83,45,kai,formula,,"kai_available(""Sixth Sense"")",kai_discipline,Sixth Sense,,,,LW01_e_edges.csv:145,Kai route is taken whenever the discipline is available.
83,205,profile_choice,formula,,"(1 - kai_available(""Sixth Sense"")) * choice_share(83, 205)",,,cautious,neutral,neutral,LW01_e_edges.csv:146,Choice among routes remaining when the Kai route is unavailable.
83,180,profile_choice,formula,,"(1 - kai_available(""Sixth Sense"")) * choice_share(83, 180)",,,reckless,neutral,physical,LW01_e_edges.csv:147,Choice among routes remaining when the Kai route is unavailable.
83,232,profile_choice,formula,,"(1 - kai_available(""Sixth Sense"")) * choice_share(83, 232)",,,neutral,neutral,neutral,LW01_e_edges.csv:148,Choice among routes remaining when the Kai route is unavailable.
84,188,forced,constant,1,,,,,,,LW01_e_edges.csv:149,
85,229,profile_choice,profile_choice,,,,,reckless,neutral,physical,LW01_e_edges.csv:150,
85,99,profile_choice,profile_choice,,,,,cautious,neutral,physical,LW01_e_edges.csv:151,
86,6,profile_choice,profile_choice,,,,,neutral,neutral,neutral,LW01_e_edges.csv:152,
86,35,profile_choice,profile_choice,,,,,neutral,neutral,neutral,LW01_e_edges.csv:153,
86,167,profile_choice,profile_choice,,,,,neutral,neutral,neutral,LW01_e_edges.csv:154,
86,42,profile_choice,profile_choice,,,,,neutral,neutral,neutral,LW01_e_edges.csv:155,
87,61,forced,constant,1,,,,,,,LW01_e_edges.csv:156,
88,216,kai,formula,,"kai_available(""Healing"")",kai_discipline,Healing,,,,LW01_e_edges.csv:157,Kai route is taken whenever the discipline is available.
88,31,kai,formula,,"1 - kai_available(""Healing"")",kai_discipline_absent,Healing,,,,LW01_e_edges.csv:158,
89,53,random,constant,0.2,,,,,,,LW01_e_edges.csv:159,
89,274,random,constant,0.3,,,,,,,LW01_e_edges.csv:160,
89,316,random,constant,0.5,,,,,,,LW01_e_edges.csv:161,
90,18,forced,constant,1,,,,,,,LW01_e_edges.csv:162,
91,198,kai,formula,,"kai_available(""Sixth Sense"")",kai_discipline,Sixth Sense,,,,LW01_e_edges.csv:163,Kai route is taken whenever the discipline is available.
91,152,profile_choice,formula,,"(1 - kai_available(""Sixth Sense"")) * choice_share(91, 152)",,,neutral,neutral,tactical,LW01_e_edges.csv:164,Choice among routes remaining when the Kai route is unavailable.
91,7,profile_choice,formula,,"(1 - kai_available(""Sixth Sense"")) * choice_share(91, 7)",,,cautious,neutral,neutral,LW01_e_edges.csv:165,Choice among routes remaining when the Kai route is unavailable.
92,13,forced,constant,1,,,,,,,LW01_e_edges.csv:166,
93,106,forced,constant,1,,,,,,,LW01_e_edges.csv:167,
94,7,forced,constant,1,,,,,,,LW01_e_edges.csv:168,
95,240,profile_choice,profile_choice,,,,,neutral,neutral,neutral,LW01_e_edges.csv:169,
95,5,profile_choice,profile_choice,,,,,neutral,neutral,neutral,LW01_e_edges.csv:170,
96,33,profile_choice,profile_choice,,,,,reckless,neutral,tactical,LW01_e_edges.csv:171,
96,248,profile_choice,profile_choice,,,,,cautious,neutral,physical,LW01_e_edges.csv:172,
97,255,profile_choice,profile_choice,,,,,reckless,noble,physical,LW01_e_edges.csv:173,
97,306,profile_choice,profile_choice,,,,,cautious,selfish,physical,LW01_e_edges.csv:174,
98,139,forced,constant,1,,,,,,,LW01_e_edges.csv:175,
99,222,forced,constant,1,,,,,,,LW01_e_edges.csv:176,
100,161,profile_choice,profile_choice,,,,,reckless,neutral,neutral,LW01_e_edges.csv:177,
100,133,profile_choice,profile_choice,,,,,neutral,neutral,tactical,LW01_e_edges.csv:178,
100,257,profile_choice,profile_choice,,,,,cautious,neutral,tactical,LW01_e_edges.csv:179,
101,281,forced,constant,1,,,,,,,LW01_e_edges.csv:180,
102,284,forced,constant,1,,,,,,,LW01_e_edges.csv:181,
103,13,profile_choice,profile_choice,,,,,neutral,neutral,neutral,LW01_e_edges.csv:182,
103,287,profile_choice,profile_choice,,,,,neutral,neutral,neutral,LW01_e_edges.csv:183,
104,26,profile_choice,profile_choice,,,,,neutral,neutral,neutral,LW01_e_edges.csv:184,
104,100,profile_choice,profile_choice,,,,,neutral,neutral,neutral,LW01_e_edges.csv:185,
105,298,kai,formula,,"kai_available(""Animal Kinship"")",kai_discipline,Animal Kinship,,,,LW01_e_edges.csv:186,Kai route is taken whenever the discipline is available.
105,335,kai,formula,,"1 - kai_available(""Animal Kinship"")",kai_discipline_absent,Animal Kinship,,,,LW01_e_edges.csv:187,
106,263,profile_choice,profile_choice,,,,,neutral,neutral,neutral,LW01_e_edges.csv:188,
106,334,profile_choice,profile_choice,,,,,neutral,neutral,neutral,LW01_e_edges.csv:189,
107,23,forced,constant,1,,,,,,,LW01_e_edges.csv:190,
108,Death,outcome,constant,1,,,,,,,LW01_nodes.csv:108,Written narrative ending linked to its shared outcome.
109,164,profile_choice,profile_choice,,,,,neutral,neutral,tactical,LW01_e_edges.csv:191,
109,308,profile_choice,profile_choice,,,,,neutral,neutral,tactical,LW01_e_edges.csv:192,
110,55,forced,constant,1,,,,,,,LW01_e_edges.csv:193,
111,57,profile_choice,profile_choice,,,,,reckless,neutral,neutral,LW01_e_edges.csv:194,
111,308,profile_choice,profile_choice,,,,,neutral,neutral,tactical,LW01_e_edges.csv:195,
113,347,profile_choice,profile_choice,,,,,neutral,neutral,neutral,LW01_e_edges.csv:198,
113,295,profile_choice,profile_choice,,,,,neutral,neutral,neutral,LW01_e_edges.csv:199,
114,239,forced,constant,1,,,,,,,LW01_e_edges.csv:200,
115,150,profile_choice,profile_choice,,,,,neutral,neutral,neutral,LW01_e_edges.csv:201,
115,177,profile_choice,profile_choice,,,,,neutral,neutral,tactical,LW01_e_edges.csv:202,
115,83,profile_choice,profile_choice,,,,,cautious,neutral,physical,LW01_e_edges.csv:203,
116,321,forced,constant,1,,,,,,,LW01_e_edges.csv:204,
117,330,forced,constant,1,,,,,,,LW01_e_edges.csv:205,
118,224,forced,constant,1,,,,,,,LW01_e_edges.csv:206,
119,226,profile_choice,profile_choice,,,,,reckless,neutral,physical,LW01_e_edges.csv:207,
119,38,profile_choice,profile_choice,,,,,cautious,neutral,neutral,LW01_e_edges.csv:208,
120,84,profile_choice,profile_choice,,,,,reckless,neutral,physical,LW01_e_edges.csv:209,
120,171,profile_choice,profile_choice,,,,,cautious,neutral,physical,LW01_e_edges.csv:210,
120,54,profile_choice,profile_choice,,,,,reckless,neutral,physical,LW01_e_edges.csv:211,
121,342,profile_choice,profile_choice,,,,,reckless,neutral,neutral,LW01_e_edges.csv:212,
121,309,profile_choice,profile_choice,,,,,reckless,neutral,tactical,LW01_e_edges.csv:213,
121,283,profile_choice,profile_choice,,,,,reckless,neutral,physical,LW01_e_edges.csv:214,
122,206,forced,constant,1,,,,,,,LW01_e_edges.csv:215,
123,304,profile_choice,profile_choice,,,,,reckless,selfish,physical,LW01_e_edges.csv:216,
123,2,profile_choice,profile_choice,,,,,cautious,neutral,physical,LW01_e_edges.csv:217,
124,211,profile_choice,profile_choice,,,,,reckless,neutral,tactical,LW01_e_edges.csv:218,
124,106,profile_choice,profile_choice,,,,,cautious,neutral,neutral,LW01_e_edges.csv:219,
125,301,kai,formula,,"kai_available(""Tracking"")",kai_discipline,Tracking,,,,LW01_e_edges.csv:220,Kai route is taken whenever the discipline is available.
125,27,profile_choice,formula,,"(1 - kai_available(""Tracking"")) * choice_share(125, 27)",,,neutral,neutral,neutral,LW01_e_edges.csv:221,Choice among routes remaining when the Kai route is unavailable.
125,214,profile_choice,formula,,"(1 - kai_available(""Tracking"")) * choice_share(125, 214)",,,neutral,neutral,neutral,LW01_e_edges.csv:222,Choice among routes remaining when the Kai route is unavailable.
126,46,profile_choice,profile_choice,,,,,reckless,neutral,physical,LW01_e_edges.csv:223,
126,143,profile_choice,profile_choice,,,,,cautious,neutral,physical,LW01_e_edges.csv:224,
127,Death,outcome,constant,1,,,,,,,LW01_nodes.csv:127,Written narrative ending linked to its shared outcome.
128,297,kai,formula,,"kai_available(""Hunting"")",kai_discipline,Hunting,,,,LW01_e_edges.csv:225,Kai route is taken whenever the discipline is available.
128,336,kai,formula,,"1 - kai_available(""Hunting"")",kai_discipline_absent,Hunting,,,,LW01_e_edges.csv:226,
129,3,profile_choice,profile_choice,,,,,cautious,neutral,neutral,LW01_e_edges.csv:227,
129,144,profile_choice,profile_choice,,,,,reckless,selfish,tactical,LW01_e_edges.csv:228,
130,28,profile_choice,profile_choice,,,,,neutral,neutral,neutral,LW01_e_edges.csv:229,
130,201,profile_choice,profile_choice,,,,,neutral,neutral,neutral,LW01_e_edges.csv:230,
131,241,profile_choice,profile_choice,,,,,cautious,noble,tactical,LW01_e_edges.csv:231,
131,55,profile_choice,profile_choice,,,,,reckless,noble,physical,LW01_e_edges.csv:232,
131,302,profile_choice,profile_choice,,,,,neutral,noble,physical,LW01_e_edges.csv:233,
131,101,profile_choice,profile_choice,,,,,cautious,selfish,physical,LW01_e_edges.csv:234,
132,64,forced,constant,1,,,,,,,LW01_e_edges.csv:235,
133,266,combat,formula,,combat_win(133),,,,,,LW01_e_edges.csv:236,"Transition after combat victory. | Combat outcome determines progression, but only one choice tag exists"
133,Death,combat,formula,,1 - combat_win(133),,,,,,generated:combat_death:133,Implicit death when the combat is lost.
134,305,profile_choice,profile_choice,,,,,reckless,neutral,tactical,LW01_e_edges.csv:237,
134,40,profile_choice,profile_choice,,,,,cautious,neutral,tactical,LW01_e_edges.csv:238,
135,223,profile_choice,profile_choice,,,,,reckless,neutral,physical,LW01_e_edges.csv:239,
135,4,profile_choice,profile_choice,,,,,neutral,neutral,physical,LW01_e_edges.csv:240,
136,313,combat,formula,,combat_win(136),,,,,,LW01_e_edges.csv:241,"Transition after combat victory. | Combat outcome determines progression, but only one choice tag exists"
136,Death,combat,formula,,1 - combat_win(136),,,,,,generated:combat_death:136,Implicit death when the combat is lost.
137,23,forced,constant,1,,,,,,,LW01_e_edges.csv:242,
138,291,combat,formula,,combat_win(138),,,,,,LW01_e_edges.csv:243,Transition after combat victory. | Implicit death condition if combat is lost
138,Death,combat,formula,,1 - combat_win(138),,,,,,generated:combat_death:138,Implicit death when the combat is lost.
139,66,forced,constant,1,,,,,,,LW01_e_edges.csv:244,
140,14,profile_choice,profile_choice,,,,,neutral,neutral,neutral,LW01_e_edges.csv:245,
140,252,profile_choice,profile_choice,,,,,neutral,neutral,neutral,LW01_e_edges.csv:246,
140,215,profile_choice,profile_choice,,,,,neutral,neutral,neutral,LW01_e_edges.csv:247,
140,36,profile_choice,profile_choice,,,,,reckless,neutral,physical,LW01_e_edges.csv:248,
141,56,profile_choice,profile_choice,,,,,neutral,neutral,neutral,LW01_e_edges.csv:249,
141,333,profile_choice,profile_choice,,,,,neutral,neutral,neutral,LW01_e_edges.csv:250,
142,58,profile_choice,profile_choice,,,,,reckless,neutral,physical,LW01_e_edges.csv:251,
142,135,profile_choice,profile_choice,,,,,neutral,neutral,physical,LW01_e_edges.csv:252,
142,102,profile_choice,profile_choice,,,,,reckless,neutral,tactical,LW01_e_edges.csv:253,
143,149,forced,constant,1,,,,,,,LW01_e_edges.csv:254,
144,63,profile_choice,profile_choice,,,,,reckless,neutral,physical,LW01_e_edges.csv:255,
144,217,profile_choice,profile_choice,,,,,cautious,neutral,tactical,LW01_e_edges.csv:256,
145,165,forced,constant,1,,,,,,,LW01_e_edges.csv:257,Implicit death or unconsciousness
146,154,forced,constant,1,,,,,,,LW01_e_edges.csv:258,Loss of 3 ENDURANCE points during the transition
147,42,profile_choice,profile_choice,,,,,neutral,neutral,neutral,LW01_e_edges.csv:259,
147,28,profile_choice,profile_choice,,,,,neutral,neutral,neutral,LW01_e_edges.csv:260,
148,81,profile_choice,profile_choice,,,,,cautious,neutral,neutral,LW01_e_edges.csv:261,
148,320,profile_choice,profile_choice,,,,,reckless,neutral,physical,LW01_e_edges.csv:262,
148,199,profile_choice,profile_choice,,,,,neutral,neutral,tactical,LW01_e_edges.csv:263,
149,256,forced,constant,1,,,,,,,LW01_e_edges.csv:264,
150,83,forced,constant,1,,,,,,,LW01_e_edges.csv:265,
151,87,kai,formula,,"kai_available(""Mind Over Matter"")",kai_discipline,Mind Over Matter,,,,LW01_e_edges.csv:266,Kai route is taken whenever the discipline is available.
151,337,profile_choice,formula,,"1 - kai_available(""Mind Over Matter"")",,,reckless,neutral,tactical,LW01_e_edges.csv:267,Choice among routes remaining when the Kai route is unavailable.
152,49,profile_choice,profile_choice,,,,,reckless,neutral,tactical,LW01_e_edges.csv:268,
152,231,profile_choice,profile_choice,,,,,neutral,neutral,neutral,LW01_e_edges.csv:269,
153,202,profile_choice,profile_choice,,,,,reckless,neutral,physical,LW01_e_edges.csv:270,
153,135,profile_choice,profile_choice,,,,,cautious,neutral,physical,LW01_e_edges.csv:271,
153,329,profile_choice,profile_choice,,,,,reckless,neutral,tactical,LW01_e_edges.csv:272,
154,Death,outcome,constant,1,,,,,,,LW01_nodes.csv:154,Written narrative ending linked to its shared outcome.
155,70,forced,constant,1,,,,,,,LW01_e_edges.csv:273,
156,294,profile_choice,profile_choice,,,,,reckless,neutral,physical,LW01_e_edges.csv:274,
156,245,profile_choice,profile_choice,,,,,reckless,neutral,physical,LW01_e_edges.csv:275,
157,30,profile_choice,profile_choice,,,,,neutral,neutral,tactical,LW01_e_edges.csv:276,
157,167,profile_choice,profile_choice,,,,,cautious,neutral,tactical,LW01_e_edges.csv:277,
158,106,forced,constant,1,,,,,,,LW01_e_edges.csv:278,"Loss of 6 ENDURANCE points during the transition. Potential additional loss of 4 ENDURANCE points based on a random roll (0-5 miss, 6-9 hit) before the forced transition."
159,191,profile_choice,profile_choice,,,,,reckless,neutral,physical,LW01_e_edges.csv:279,
159,234,profile_choice,profile_choice,,,,,reckless,neutral,physical,LW01_e_edges.csv:280,
160,286,random,constant,0.5,,,,,,,LW01_e_edges.csv:281,
160,10,random,constant,0.5,,,,,,,LW01_e_edges.csv:282,
161,209,forced,constant,1,,,,,,,LW01_e_edges.csv:283,
162,258,kai,formula,,"kai_available(""Mind Over Matter"")",kai_discipline,Mind Over Matter,,,,LW01_e_edges.csv:284,Kai route is taken whenever the discipline is available.
162,127,kai,formula,,"1 - kai_available(""Mind Over Matter"")",kai_discipline_absent,Mind Over Matter,,,,LW01_e_edges.csv:285,
163,321,forced,constant,1,,,,,,,LW01_e_edges.csv:286,
164,308,forced,constant,1,,,,,,,LW01_e_edges.csv:287,
165,212,forced,constant,1,,,,,,,LW01_e_edges.csv:288,
166,104,forced,constant,1,,,,,,,LW01_e_edges.csv:289,Loss of 4 ENDURANCE points during the transition
167,178,kai,formula,,"kai_available(""Sixth Sense"")",kai_discipline,Sixth Sense,,,,LW01_e_edges.csv:290,Kai route is taken whenever the discipline is available.
167,88,profile_choice,formula,,"(1 - kai_available(""Sixth Sense"")) * choice_share(167, 88)",,,reckless,neutral,tactical,LW01_e_edges.csv:291,Choice among routes remaining when the Kai route is unavailable.
167,264,profile_choice,formula,,"(1 - kai_available(""Sixth Sense"")) * choice_share(167, 264)",,,cautious,neutral,neutral,LW01_e_edges.csv:292,Choice among routes remaining when the Kai route is unavailable.
168,64,forced,constant,1,,,,,,,LW01_e_edges.csv:293,Player must take a Meal before proceeding
170,319,combat,formula,,combat_win(170),,,,,,LW01_e_edges.csv:296,Transition after combat victory. | Combat outcome determines progression. Conditional penalty (deduct 3 COMBAT SKILL) applies if Torch is missing.
170,Death,combat,formula,,1 - combat_win(170),,,,,,generated:combat_death:170,Implicit death when the combat is lost.
171,303,forced,constant,1,,,,,,,LW01_e_edges.csv:297,
172,114,kai,formula,,"kai_available(""Camouflage"")",kai_discipline,Camouflage,,,,LW01_e_edges.csv:298,Kai route is taken whenever the discipline is available.
172,239,profile_choice,formula,,"(1 - kai_available(""Camouflage"")) * choice_share(172, 239)",,,cautious,selfish,physical,LW01_e_edges.csv:299,Choice among routes remaining when the Kai route is unavailable.
172,29,profile_choice,formula,,"(1 - kai_available(""Camouflage"")) * choice_share(172, 29)",,,reckless,neutral,physical,LW01_e_edges.csv:300,Choice among routes remaining when the Kai route is unavailable.
174,190,forced,constant,1,,,,,,,LW01_e_edges.csv:303,Loss of Backpack and Weapons during the transition
175,182,kai,formula,,"kai_available(""Camouflage"")",kai_discipline,Camouflage,,,,LW01_e_edges.csv:304,Kai route is taken whenever the discipline is available.
175,41,profile_choice,formula,,"(1 - kai_available(""Camouflage"")) * choice_share(175, 41)",,,cautious,neutral,tactical,LW01_e_edges.csv:305,Choice among routes remaining when the Kai route is unavailable.
175,116,profile_choice,formula,,"(1 - kai_available(""Camouflage"")) * choice_share(175, 116)",,,reckless,neutral,physical,LW01_e_edges.csv:306,Choice among routes remaining when the Kai route is unavailable.
176,253,profile_choice,profile_choice,,,,,reckless,neutral,physical,LW01_e_edges.csv:307,
176,126,profile_choice,profile_choice,,,,,cautious,neutral,neutral,LW01_e_edges.csv:308,
177,83,forced,constant,1,,,,,,,LW01_e_edges.csv:309,
178,88,profile_choice,profile_choice,,,,,reckless,noble,neutral,LW01_e_edges.csv:310,
178,264,profile_choice,profile_choice,,,,,cautious,selfish,neutral,LW01_e_edges.csv:311,
179,318,profile_choice,profile_choice,,,,,reckless,neutral,tactical,LW01_e_edges.csv:312,
179,51,profile_choice,profile_choice,,,,,cautious,neutral,physical,LW01_e_edges.csv:313,
181,288,forced,constant,1,,,,,,,LW01_e_edges.csv:316,
182,174,forced,constant,1,,,,,,,LW01_e_edges.csv:317,
183,97,profile_choice,profile_choice,,,,,neutral,noble,neutral,LW01_e_edges.csv:318,
183,200,profile_choice,profile_choice,,,,,cautious,selfish,neutral,LW01_e_edges.csv:319,
184,64,forced,constant,1,,,,,,,LW01_e_edges.csv:320,Mandatory consumption of 1 Meal before transition
185,Death,outcome,constant,1,,,,,,,LW01_nodes.csv:185,Written narrative ending linked to its shared outcome.
186,106,forced,constant,1,,,,,,,LW01_e_edges.csv:321,
187,186,profile_choice,profile_choice,,,,,reckless,neutral,physical,LW01_e_edges.csv:322,
187,228,profile_choice,profile_choice,,,,,cautious,neutral,neutral,LW01_e_edges.csv:323,
188,303,forced,constant,1,,,,,,,LW01_e_edges.csv:324,Loss of 3 ENDURANCE points during the transition
189,118,forced,constant,1,,,,,,,LW01_e_edges.csv:325,
190,20,profile_choice,profile_choice,,,,,reckless,neutral,tactical,LW01_e_edges.csv:326,
190,273,profile_choice,profile_choice,,,,,cautious,neutral,neutral,LW01_e_edges.csv:327,
192,171,profile_choice,profile_choice,,,,,cautious,neutral,physical,LW01_e_edges.csv:330,
192,120,profile_choice,profile_choice,,,,,reckless,neutral,physical,LW01_e_edges.csv:331,
193,253,profile_choice,profile_choice,,,,,reckless,neutral,physical,LW01_e_edges.csv:332,
193,126,profile_choice,profile_choice,,,,,cautious,neutral,physical,LW01_e_edges.csv:333,
194,208,profile_choice,profile_choice,,,,,reckless,noble,physical,LW01_e_edges.csv:334,
194,148,profile_choice,profile_choice,,,,,cautious,selfish,physical,LW01_e_edges.csv:335,
195,59,profile_choice,profile_choice,,,,,reckless,neutral,tactical,LW01_e_edges.csv:336,
195,106,profile_choice,profile_choice,,,,,cautious,neutral,neutral,LW01_e_edges.csv:337,
196,332,profile_choice,profile_choice,,,,,reckless,neutral,neutral,LW01_e_edges.csv:338,
196,144,profile_choice,profile_choice,,,,,cautious,neutral,neutral,LW01_e_edges.csv:339,
197,172,forced,constant,1,,,,,,,LW01_e_edges.csv:340,
198,7,profile_choice,profile_choice,,,,,cautious,neutral,neutral,LW01_e_edges.csv:341,
198,152,profile_choice,profile_choice,,,,,reckless,neutral,tactical,LW01_e_edges.csv:342,
199,81,forced,constant,1,,,,,,,LW01_e_edges.csv:343,
200,168,kai,formula,,"kai_available(""Camouflage"")",kai_discipline,Camouflage,,,,LW01_e_edges.csv:344,Kai route is taken whenever the discipline is available.
200,78,profile_choice,formula,,"1 - kai_available(""Camouflage"")",,,reckless,neutral,physical,LW01_e_edges.csv:345,Choice among routes remaining when the Kai route is unavailable.
201,238,profile_choice,profile_choice,,,,,neutral,neutral,neutral,LW01_e_edges.csv:346,
201,15,profile_choice,profile_choice,,,,,neutral,neutral,neutral,LW01_e_edges.csv:347,
201,130,profile_choice,profile_choice,,,,,neutral,neutral,neutral,LW01_e_edges.csv:348,
202,58,forced,constant,1,,,,,,,LW01_e_edges.csv:349,
204,111,forced,constant,1,,,,,,,LW01_e_edges.csv:352,
205,181,random,constant,0.5,,,,,,,LW01_e_edges.csv:353,
205,145,random,constant,0.5,,,,,,,LW01_e_edges.csv:354,
206,224,forced,constant,1,,,,,,,LW01_e_edges.csv:355,
207,30,forced,constant,1,,,,,,,LW01_e_edges.csv:356,
209,23,forced,constant,1,,,,,,,LW01_e_edges.csv:359,
210,332,profile_choice,profile_choice,,,,,reckless,neutral,neutral,LW01_e_edges.csv:360,
210,37,profile_choice,profile_choice,,,,,cautious,neutral,neutral,LW01_e_edges.csv:361,
211,244,kai,formula,,"kai_available(""Sixth Sense"")",kai_discipline,Sixth Sense,,,,LW01_e_edges.csv:362,Kai route is taken whenever the discipline is available.
211,173,profile_choice,formula,,"(1 - kai_available(""Sixth Sense"")) * choice_share(211, 173)",,,reckless,neutral,neutral,LW01_e_edges.csv:363,Choice among routes remaining when the Kai route is unavailable.
211,106,profile_choice,formula,,"(1 - kai_available(""Sixth Sense"")) * choice_share(211, 106)",,,cautious,neutral,neutral,LW01_e_edges.csv:364,Choice among routes remaining when the Kai route is unavailable.
212,350,forced,constant,1,,,,,,,LW01_e_edges.csv:365,Restoration of all lost ENDURANCE points during the transition
213,331,forced,constant,1,,,,,,,LW01_e_edges.csv:366,
214,125,forced,constant,1,,,,,,,LW01_e_edges.csv:367,
215,346,profile_choice,profile_choice,,,,,reckless,neutral,tactical,LW01_e_edges.csv:368,
215,14,profile_choice,profile_choice,,,,,cautious,neutral,neutral,LW01_e_edges.csv:369,
216,264,forced,constant,1,,,,,,,LW01_e_edges.csv:370,
217,91,profile_choice,profile_choice,,,,,reckless,neutral,neutral,LW01_e_edges.csv:371,
217,7,profile_choice,profile_choice,,,,,cautious,neutral,tactical,LW01_e_edges.csv:372,
218,75,forced,constant,1,,,,,,,LW01_e_edges.csv:373,
219,Death,outcome,constant,1,,,,,,,LW01_nodes.csv:219,Written narrative ending linked to its shared outcome.
221,318,forced,constant,1,,,,,,,LW01_e_edges.csv:376,
222,67,kai,formula,,"kai_available(""Tracking"")",kai_discipline,Tracking,,,,LW01_e_edges.csv:377,Kai route is taken whenever the discipline is available.
222,140,profile_choice,formula,,"(1 - kai_available(""Tracking"")) * choice_share(222, 140)",,,neutral,neutral,neutral,LW01_e_edges.csv:378,Choice among routes remaining when the Kai route is unavailable.
222,252,profile_choice,formula,,"(1 - kai_available(""Tracking"")) * choice_share(222, 252)",,,neutral,neutral,neutral,LW01_e_edges.csv:379,Choice among routes remaining when the Kai route is unavailable.
223,75,profile_choice,profile_choice,,,,,cautious,neutral,tactical,LW01_e_edges.csv:380,
223,175,profile_choice,profile_choice,,,,,reckless,neutral,tactical,LW01_e_edges.csv:381,
224,153,forced,constant,1,,,,,,,LW01_e_edges.csv:382,
225,187,profile_choice,profile_choice,,,,,cautious,noble,neutral,LW01_e_edges.csv:383,
225,39,profile_choice,profile_choice,,,,,neutral,neutral,neutral,LW01_e_edges.csv:384,
226,277,random,constant,0.5,,,,,,,LW01_e_edges.csv:385,
226,338,random,constant,0.5,,,,,,,LW01_e_edges.csv:386,
228,140,profile_choice,profile_choice,,,,,reckless,neutral,physical,LW01_e_edges.csv:389,
228,215,profile_choice,profile_choice,,,,,cautious,neutral,neutral,LW01_e_edges.csv:390,
230,179,forced,constant,1,,,,,,,LW01_e_edges.csv:393,
232,180,profile_choice,profile_choice,,,,,reckless,neutral,physical,LW01_e_edges.csv:397,
232,22,profile_choice,profile_choice,,,,,cautious,selfish,physical,LW01_e_edges.csv:398,
233,206,forced,constant,1,,,,,,,LW01_e_edges.csv:399,
234,Death,outcome,constant,1,,,,,,,LW01_nodes.csv:234,Written narrative ending linked to its shared outcome.
235,254,kai,formula,,"kai_available(""Tracking"")",kai_discipline,Tracking,,,,LW01_e_edges.csv:400,Kai route is taken whenever the discipline is available.
235,32,profile_choice,formula,,"(1 - kai_available(""Tracking"")) * choice_share(235, 32)",,,neutral,neutral,neutral,LW01_e_edges.csv:401,Choice among routes remaining when the Kai route is unavailable.
235,146,profile_choice,formula,,"(1 - kai_available(""Tracking"")) * choice_share(235, 146)",,,neutral,neutral,neutral,LW01_e_edges.csv:402,Choice among routes remaining when the Kai route is unavailable.
236,104,forced,constant,1,,,,,,,LW01_e_edges.csv:403,Loss of 6 ENDURANCE points and permanent reduction of 1 COMBAT SKILL point during the transition
237,265,random,constant,0.5,,,,,,,LW01_e_edges.csv:404,
237,72,random,constant,0.5,,,,,,,LW01_e_edges.csv:405,
238,42,profile_choice,profile_choice,,,,,cautious,neutral,neutral,LW01_e_edges.csv:406,
238,68,profile_choice,profile_choice,,,,,neutral,neutral,neutral,LW01_e_edges.csv:407,
239,34,profile_choice,profile_choice,,,,,neutral,neutral,neutral,LW01_e_edges.csv:408,
239,118,profile_choice,profile_choice,,,,,cautious,neutral,tactical,LW01_e_edges.csv:409,
240,79,forced,constant,1,,,,,,,LW01_e_edges.csv:410,
241,349,forced,constant,1,,,,,,,LW01_e_edges.csv:411,
242,166,kai,formula,,"kai_available(""Mindshield"")",kai_discipline,Mindshield,,,,LW01_e_edges.csv:412,Kai route is taken whenever the discipline is available.
242,9,kai,formula,,"1 - kai_available(""Mindshield"")",kai_discipline_absent,Mindshield,,,,LW01_e_edges.csv:413,
243,97,forced,constant,1,,,,,,,LW01_e_edges.csv:414,
244,93,forced,constant,1,,,,,,,LW01_e_edges.csv:415,
245,190,forced,constant,1,,,,,,,LW01_e_edges.csv:416,
246,197,combat,formula,,combat_win(246),,,,,,LW01_e_edges.csv:417,Transition after combat victory. | Implicit death condition if combat is lost
246,Death,combat,formula,,1 - combat_win(246),,,,,,generated:combat_death:246,Implicit death when the combat is lost.
247,159,profile_choice,profile_choice,,,,,cautious,neutral,tactical,LW01_e_edges.csv:418,
247,220,profile_choice,profile_choice,,,,,reckless,neutral,physical,LW01_e_edges.csv:419,
248,44,profile_choice,profile_choice,,,,,neutral,neutral,neutral,LW01_e_edges.csv:420,
248,300,profile_choice,profile_choice,,,,,neutral,neutral,neutral,LW01_e_edges.csv:421,
249,169,profile_choice,profile_choice,,,,,neutral,neutral,neutral,LW01_e_edges.csv:422,
249,107,profile_choice,profile_choice,,,,,reckless,neutral,physical,LW01_e_edges.csv:423,
250,186,profile_choice,profile_choice,,,,,reckless,neutral,physical,LW01_e_edges.csv:424,
250,228,profile_choice,profile_choice,,,,,cautious,neutral,neutral,LW01_e_edges.csv:425,
251,10,forced,constant,1,,,,,,,LW01_e_edges.csv:426,
252,155,profile_choice,profile_choice,,,,,reckless,neutral,neutral,LW01_e_edges.csv:427,
252,70,profile_choice,profile_choice,,,,,cautious,neutral,neutral,LW01_e_edges.csv:428,
253,278,combat,formula,,combat_win(253),,,,,,LW01_e_edges.csv:429,"Transition after combat victory. | Combat sequence with multiple enemies. Only one outcome provided (victory), implying death is the implicit alternative not captured in a choice tag."
253,Death,combat,formula,,1 - combat_win(253),,,,,,generated:combat_death:253,Implicit death when the combat is lost.
254,32,profile_choice,profile_choice,,,,,neutral,neutral,neutral,LW01_e_edges.csv:430,
254,146,profile_choice,profile_choice,,,,,neutral,neutral,neutral,LW01_e_edges.csv:431,
255,82,combat,formula,,combat_win(255),,,,,,LW01_e_edges.csv:432,"Transition after combat victory. | Combat outcome determines progression, but only one choice tag exists"
255,Death,combat,formula,,1 - combat_win(255),,,,,,generated:combat_death:255,Implicit death when the combat is lost.
256,224,forced,constant,1,,,,,,,LW01_e_edges.csv:433,
257,133,profile_choice,profile_choice,,,,,neutral,neutral,tactical,LW01_e_edges.csv:434,
257,161,profile_choice,profile_choice,,,,,reckless,neutral,neutral,LW01_e_edges.csv:435,
258,50,forced,constant,1,,,,,,,LW01_e_edges.csv:436,Loss of Backpack and Weapons during the transition
259,Death,outcome,constant,1,,,,,,,LW01_nodes.csv:259,Written narrative ending linked to its shared outcome.
260,156,combat,formula,,combat_win(260),,,,,,LW01_e_edges.csv:437,Transition after combat victory. | Combat scenario with only one outcome option provided in the text
260,Death,combat,formula,,1 - combat_win(260),,,,,,generated:combat_death:260,Implicit death when the combat is lost.
261,208,profile_choice,profile_choice,,,,,reckless,noble,physical,LW01_e_edges.csv:438,
261,264,profile_choice,profile_choice,,,,,cautious,selfish,physical,LW01_e_edges.csv:439,
262,191,profile_choice,profile_choice,,,,,reckless,neutral,physical,LW01_e_edges.csv:440,
262,234,profile_choice,profile_choice,,,,,reckless,neutral,physical,LW01_e_edges.csv:441,
263,70,profile_choice,profile_choice,,,,,neutral,neutral,neutral,LW01_e_edges.csv:442,
263,157,profile_choice,profile_choice,,,,,neutral,neutral,neutral,LW01_e_edges.csv:443,
264,97,profile_choice,profile_choice,,,,,reckless,neutral,tactical,LW01_e_edges.csv:444,
264,6,profile_choice,profile_choice,,,,,cautious,neutral,neutral,LW01_e_edges.csv:445,
265,142,forced,constant,1,,,,,,,LW01_e_edges.csv:446,
266,209,forced,constant,1,,,,,,,LW01_e_edges.csv:447,
267,125,forced,constant,1,,,,,,,LW01_e_edges.csv:448,
268,288,forced,constant,1,,,,,,,LW01_e_edges.csv:449,
269,314,profile_choice,profile_choice,,,,,cautious,neutral,neutral,LW01_e_edges.csv:450,
269,7,profile_choice,profile_choice,,,,,neutral,neutral,neutral,LW01_e_edges.csv:451,
270,21,forced,constant,1,,,,,,,LW01_e_edges.csv:452,
271,Death,outcome,constant,1,,,,,,,LW01_nodes.csv:271,Written narrative ending linked to its shared outcome.
272,134,kai,formula,,"kai_available(""Tracking"")",kai_discipline,Tracking,,,,LW01_e_edges.csv:453,Kai route is taken whenever the discipline is available.
272,305,kai,formula,,"1 - kai_available(""Tracking"")",kai_discipline_absent,Tracking,,,,LW01_e_edges.csv:454,
273,179,profile_choice,profile_choice,,,,,reckless,neutral,tactical,LW01_e_edges.csv:455,
273,51,profile_choice,profile_choice,,,,,cautious,neutral,tactical,LW01_e_edges.csv:456,
274,331,forced,constant,1,,,,,,,LW01_e_edges.csv:457,Loss of Weapon(s) during the transition
275,345,random,constant,0.5,,,,,,,LW01_e_edges.csv:458,
275,74,random,constant,0.5,,,,,,,LW01_e_edges.csv:459,
276,213,forced,constant,1,,,,,,,LW01_e_edges.csv:460,Loss of 1 ENDURANCE point during the transition
277,113,forced,constant,1,,,,,,,LW01_e_edges.csv:461,Loss of a Weapon during the transition
278,149,forced,constant,1,,,,,,,LW01_e_edges.csv:462,
279,112,random,constant,0.7,,,,,,,LW01_e_edges.csv:463,
279,96,random,constant,0.3,,,,,,,LW01_e_edges.csv:464,
280,327,profile_choice,profile_choice,,,,,reckless,neutral,tactical,LW01_e_edges.csv:465,
280,170,profile_choice,profile_choice,,,,,cautious,neutral,physical,LW01_e_edges.csv:466,
281,311,profile_choice,profile_choice,,,,,reckless,neutral,physical,LW01_e_edges.csv:467,
281,77,profile_choice,profile_choice,,,,,cautious,neutral,physical,LW01_e_edges.csv:468,
282,11,forced,constant,1,,,,,,,LW01_e_edges.csv:469,
283,123,combat,formula,,combat_win(283),,,,,,LW01_e_edges.csv:470,Transition after combat victory. | Combat encounter with a Vordak. Contains implicit death condition if the player loses.
283,Death,combat,formula,,1 - combat_win(283),,,,,,generated:combat_death:283,Implicit death when the combat is lost.
284,71,forced,constant,1,,,,,,,LW01_e_edges.csv:471,
285,325,forced,constant,1,,,,,,,LW01_e_edges.csv:472,
286,Death,outcome,constant,1,,,,,,,LW01_nodes.csv:286,Written narrative ending linked to its shared outcome.
287,13,profile_choice,profile_choice,,,,,cautious,neutral,neutral,LW01_e_edges.csv:473,
287,330,profile_choice,profile_choice,,,,,reckless,neutral,physical,LW01_e_edges.csv:474,
288,129,forced,constant,1,,,,,,,LW01_e_edges.csv:475,
289,139,forced,constant,1,,,,,,,LW01_e_edges.csv:476,
290,140,forced,constant,1,,,,,,,LW01_e_edges.csv:477,
291,272,forced,constant,1,,,,,,,LW01_e_edges.csv:478,
292,Death,outcome,constant,1,,,,,,,LW01_nodes.csv:292,Written narrative ending linked to its shared outcome.
293,281,forced,constant,1,,,,,,,LW01_e_edges.csv:479,
294,230,random,constant,0.3,,,,,,,LW01_e_edges.csv:480,
294,190,random,constant,0.4,,,,,,,LW01_e_edges.csv:481,
294,321,random,constant,0.3,,,,,,,LW01_e_edges.csv:482,
295,185,profile_choice,profile_choice,,,,,reckless,neutral,tactical,LW01_e_edges.csv:483,
295,92,profile_choice,profile_choice,,,,,cautious,neutral,physical,LW01_e_edges.csv:484,
296,90,forced,constant,1,,,,,,,LW01_e_edges.csv:485,
297,117,forced,constant,1,,,,,,,LW01_e_edges.csv:486,
298,121,profile_choice,profile_choice,,,,,neutral,neutral,neutral,LW01_e_edges.csv:487,
298,38,profile_choice,profile_choice,,,,,neutral,neutral,neutral,LW01_e_edges.csv:488,
299,227,profile_choice,profile_choice,,,,,reckless,neutral,physical,LW01_e_edges.csv:489,
299,95,profile_choice,profile_choice,,,,,cautious,neutral,tactical,LW01_e_edges.csv:490,
300,13,forced,constant,1,,,,,,,LW01_e_edges.csv:491,Consumption of a Meal required before transition
301,27,forced,constant,1,,,,,,,LW01_e_edges.csv:492,
302,110,random,constant,0.3,,,,,,,LW01_e_edges.csv:493,
302,285,random,constant,0.7,,,,,,,LW01_e_edges.csv:494,
303,237,kai,formula,,"kai_available(""Camouflage"")",kai_discipline,Camouflage,,,,LW01_e_edges.csv:495,Kai route is taken whenever the discipline is available.
303,72,kai,formula,,"1 - kai_available(""Camouflage"")",kai_discipline_absent,Camouflage,,,,LW01_e_edges.csv:496,
304,2,forced,constant,1,,,,,,,LW01_e_edges.csv:497,Loss of 2 ENDURANCE points during the transition
305,105,forced,constant,1,,,,,,,LW01_e_edges.csv:498,
306,Death,outcome,constant,1,,,,,,,LW01_nodes.csv:306,Written narrative ending linked to its shared outcome.
307,213,forced,constant,1,,,,,,,LW01_e_edges.csv:499,"Contains optional item acquisition (Meal, Warhammer) before forced transition"
308,122,kai,formula,,"kai_available(""Animal Kinship"")",kai_discipline,Animal Kinship,,,,LW01_e_edges.csv:500,Kai route is taken whenever the discipline is available.
308,233,profile_choice,formula,,"1 - kai_available(""Animal Kinship"")",,,reckless,neutral,physical,LW01_e_edges.csv:501,Choice among routes remaining when the Kai route is unavailable.
309,Death,outcome,constant,1,,,,,,,LW01_nodes.csv:309,Written narrative ending linked to its shared outcome.
310,37,forced,constant,1,,,,,,,LW01_e_edges.csv:502,
311,324,kai,formula,,"kai_available(""Camouflage"")",kai_discipline,Camouflage,,,,LW01_e_edges.csv:503,Kai route is taken whenever the discipline is available.
311,279,profile_choice,formula,,"(1 - kai_available(""Camouflage"")) * choice_share(311, 279)",,,cautious,neutral,tactical,LW01_e_edges.csv:504,Choice among routes remaining when the Kai route is unavailable.
311,47,profile_choice,formula,,"(1 - kai_available(""Camouflage"")) * choice_share(311, 47)",,,reckless,neutral,physical,LW01_e_edges.csv:505,Choice among routes remaining when the Kai route is unavailable.
312,299,forced,constant,1,,,,,,,LW01_e_edges.csv:506,
313,248,forced,constant,1,,,,,,,LW01_e_edges.csv:507,Loss of 1 ENDURANCE point during the transition
314,341,random,constant,0.7,,,,,,,LW01_e_edges.csv:508,
314,98,random,constant,0.3,,,,,,,LW01_e_edges.csv:509,
315,213,forced,constant,1,,,,,,,LW01_e_edges.csv:510,
316,331,forced,constant,1,,,,,,,LW01_e_edges.csv:511,
317,61,forced,constant,1,,,,,,,LW01_e_edges.csv:512,
318,129,forced,constant,1,,,,,,,LW01_e_edges.csv:513,
319,157,forced,constant,1,,,,,,,LW01_e_edges.csv:514,Player acquires 20 Gold Crowns and a Dagger during the transition
320,264,forced,constant,1,,,,,,,LW01_e_edges.csv:515,Loss of 2 ENDURANCE points during the transition
321,273,forced,constant,1,,,,,,,LW01_e_edges.csv:516,
322,17,profile_choice,profile_choice,,,,,reckless,neutral,physical,LW01_e_edges.csv:517,
322,89,profile_choice,profile_choice,,,,,reckless,neutral,physical,LW01_e_edges.csv:518,
323,290,profile_choice,profile_choice,,,,,reckless,neutral,neutral,LW01_e_edges.csv:519,
323,140,profile_choice,profile_choice,,,,,cautious,neutral,physical,LW01_e_edges.csv:520,
324,33,profile_choice,profile_choice,,,,,reckless,neutral,tactical,LW01_e_edges.csv:521,
324,248,profile_choice,profile_choice,,,,,cautious,neutral,tactical,LW01_e_edges.csv:522,
325,349,forced,constant,1,,,,,,,LW01_e_edges.csv:523,
326,61,forced,constant,1,,,,,,,LW01_e_edges.csv:524,
327,Death,outcome,constant,1,,,,,,,LW01_nodes.csv:327,Written narrative ending linked to its shared outcome.
328,76,profile_choice,profile_choice,,,,,reckless,selfish,neutral,LW01_e_edges.csv:525,
328,118,profile_choice,profile_choice,,,,,cautious,neutral,neutral,LW01_e_edges.csv:526,
329,284,forced,constant,1,,,,,,,LW01_e_edges.csv:527,
330,315,profile_choice,profile_choice,,,,,reckless,neutral,tactical,LW01_e_edges.csv:528,
330,213,profile_choice,profile_choice,,,,,cautious,neutral,neutral,LW01_e_edges.csv:529,
331,170,profile_choice,profile_choice,,,,,reckless,neutral,neutral,LW01_e_edges.csv:530,
331,280,profile_choice,profile_choice,,,,,cautious,neutral,physical,LW01_e_edges.csv:531,
332,350,forced,constant,1,,,,,,,LW01_e_edges.csv:532,
333,131,forced,constant,1,,,,,,,LW01_e_edges.csv:533,
335,121,forced,constant,1,,,,,,,LW01_e_edges.csv:537,
336,117,combat,formula,,combat_win(336),,,,,,LW01_e_edges.csv:538,Transition after combat victory. | Implicit risk of death if combat is lost
336,Death,combat,formula,,1 - combat_win(336),,,,,,generated:combat_death:336,Implicit death when the combat is lost.
337,219,random,constant,0.5,,,,,,,LW01_e_edges.csv:539,
337,317,random,constant,0.5,,,,,,,LW01_e_edges.csv:540,
338,113,forced,constant,1,,,,,,,LW01_e_edges.csv:541,
340,193,combat,formula,,combat_win(340),,,,,,LW01_e_edges.csv:545,Transition after combat victory. | Combat scenario with only one outcome provided (win). Implicit death condition if lost.
340,Death,combat,formula,,1 - combat_win(340),,,,,,generated:combat_death:340,Implicit death when the combat is lost.
341,310,kai,formula,,"kai_available(""Tracking"")",kai_discipline,Tracking,,,,LW01_e_edges.csv:546,Kai route is taken whenever the discipline is available.
341,210,profile_choice,formula,,"(1 - kai_available(""Tracking"")) * choice_share(341, 210)",,,neutral,neutral,neutral,LW01_e_edges.csv:547,Choice among routes remaining when the Kai route is unavailable.
341,37,profile_choice,formula,,"(1 - kai_available(""Tracking"")) * choice_share(341, 37)",,,neutral,neutral,tactical,LW01_e_edges.csv:548,Choice among routes remaining when the Kai route is unavailable.
342,123,combat,formula,,combat_win(342),,,,,,LW01_e_edges.csv:549,"Transition after combat victory. | Combat outcome determines progression, but only one choice tag exists"
342,Death,combat,formula,,1 - combat_win(342),,,,,,generated:combat_death:342,Implicit death when the combat is lost.
343,213,forced,constant,1,,,,,,,LW01_e_edges.csv:550,Loss of 2 ENDURANCE points during the transition
344,60,forced,constant,1,,,,,,,LW01_e_edges.csv:551,
345,272,profile_choice,profile_choice,,,,,cautious,neutral,neutral,LW01_e_edges.csv:552,
345,19,profile_choice,profile_choice,,,,,neutral,neutral,tactical,LW01_e_edges.csv:553,
346,14,forced,constant,1,,,,,,,LW01_e_edges.csv:554,
347,103,forced,constant,1,,,,,,,LW01_e_edges.csv:555,
348,95,forced,constant,1,,,,,,,LW01_e_edges.csv:556,
349,293,forced,constant,1,,,,,,,LW01_e_edges.csv:557,Acquisition of item: Crystal Star Pendant
350,Win,outcome,constant,1,,,,,,,LW01_nodes.csv:350,Written narrative ending linked to its shared outcome.
