profile_a,profile_b,node_visit_js_divergence_nats,edge_flow_js_divergence_nats,win_probability_gap,trajectory_entropy_gap_nats
cautious_selfish_physical,cautious_selfish_neutral,0.0105465365619,0.0136423739504,0.04683204056,0.8705279628
cautious_selfish_physical,cautious_selfish_tactical,0.0429482832293,0.053509948647,0.112716789364,2.4405034026
cautious_selfish_physical,cautious_neutral_physical,0.00536896934371,0.00705998267404,0.000794962018,0.6838119853
cautious_selfish_physical,cautious_neutral_neutral,0.0157783598268,0.0201686795582,0.035711285394,0.1616600105
cautious_selfish_physical,cautious_neutral_tactical,0.0492053180661,0.0612023657511,0.096108096508,1.8241990588
cautious_selfish_physical,cautious_noble_physical,0.0235645557556,0.0311081904913,0.010284360977,1.0805047896
cautious_selfish_physical,cautious_noble_neutral,0.0332347869674,0.0426868283535,0.033417476873,0.3776818936
cautious_selfish_physical,cautious_noble_tactical,0.065234616643,0.0812688144092,0.081505659691,1.2603530314
cautious_selfish_physical,neutral_selfish_physical,0.0315977308117,0.0424459207354,0.119165264087,0.5085897455
cautious_selfish_physical,neutral_selfish_neutral,0.0482611545511,0.061047034409,0.150490411431,1.1991582943
cautious_selfish_physical,neutral_selfish_tactical,0.0830921472709,0.102531965641,0.17837378377,2.3864605209
cautious_selfish_physical,neutral_neutral_physical,0.0553114572071,0.0700690765574,0.121635177767,0.1052182787
cautious_selfish_physical,neutral_neutral_neutral,0.0690692386644,0.0851799494664,0.13853608044,0.2657558354
cautious_selfish_physical,neutral_neutral_tactical,0.100756520528,0.12333363703,0.15451093049,1.277570036
cautious_selfish_physical,neutral_noble_physical,0.0827022466082,0.103775943558,0.119670987466,0.0456327482
cautious_selfish_physical,neutral_noble_neutral,0.0947032096691,0.116620199341,0.128631523717,0.102787566
cautious_selfish_physical,neutral_noble_tactical,0.123791989816,0.151050484422,0.136968919707,0.9401080904
cautious_selfish_physical,reckless_selfish_physical,0.124950461893,0.160007758008,0.197748822816,2.9109782822
cautious_selfish_physical,reckless_selfish_neutral,0.136671140514,0.1722848631,0.203906651111,3.0600264352
cautious_selfish_physical,reckless_selfish_tactical,0.150610121424,0.18789161738,0.203950347203,3.0090322075
cautious_selfish_physical,reckless_neutral_physical,0.154685316157,0.193511702447,0.188053658976,2.7931122271
cautious_selfish_physical,reckless_neutral_neutral,0.163016484192,0.202595041468,0.19156275968,2.8052643928
cautious_selfish_physical,reckless_neutral_tactical,0.175125415093,0.216380667787,0.189398098922,2.6778040788
cautious_selfish_physical,reckless_noble_physical,0.175143575606,0.216577787473,0.180963500761,3.0967637457
cautious_selfish_physical,reckless_noble_neutral,0.181597933985,0.223748675679,0.183486926917,3.0175464357
cautious_selfish_physical,reckless_noble_tactical,0.193029132038,0.236668979006,0.180162518289,2.8483856862
cautious_selfish_neutral,cautious_selfish_tactical,0.0131098802066,0.0160741309762,0.065884748804,1.5699754398
cautious_selfish_neutral,cautious_neutral_physical,0.0152987927221,0.020372682975,0.046037078542,1.5543399481
cautious_selfish_neutral,cautious_neutral_neutral,0.00493092852036,0.00652840882927,0.011120755166,0.7088679523
cautious_selfish_neutral,cautious_neutral_tactical,0.0188296997035,0.0234269987229,0.049276055948,0.953671096
cautious_selfish_neutral,cautious_noble_physical,0.0319194567103,0.0429537585553,0.036547679583,1.9510327524
cautious_selfish_neutral,cautious_noble_neutral,0.022328907251,0.0294912084362,0.013414563687,1.2482098564
cautious_selfish_neutral,cautious_noble_tactical,0.035219720994,0.0444729086978,0.034673619131,0.3898250686
cautious_selfish_neutral,neutral_selfish_physical,0.0354781327484,0.049702418093,0.072333223527,0.3619382173
cautious_selfish_neutral,neutral_selfish_neutral,0.0337621075283,0.0443809291458,0.103658370871,0.3286303315
cautious_selfish_neutral,neutral_selfish_tactical,0.0522448733515,0.0650708903525,0.13154174321,1.5159325581
cautious_selfish_neutral,neutral_neutral_physical,0.0575016232127,0.0759065306789,0.074803137207,0.9757462415
cautious_selfish_neutral,neutral_neutral_neutral,0.0541445858147,0.0685321549811,0.09170403988,0.6047721274
cautious_selfish_neutral,neutral_neutral_tactical,0.0693694831011,0.0857266929919,0.10767888993,0.4070420732
cautious_selfish_neutral,neutral_noble_physical,0.0837687369128,0.108814491691,0.072838946906,0.916160711
cautious_selfish_neutral,neutral_noble_neutral,0.0796520072753,0.100470936561,0.081799483157,0.7677403968
cautious_selfish_neutral,neutral_noble_tactical,0.0926239466463,0.114463099881,0.090136879147,0.0695801276
cautious_selfish_neutral,reckless_selfish_physical,0.118516093835,0.155817934393,0.150916782256,2.0404503194
cautious_selfish_neutral,reckless_selfish_neutral,0.119443691652,0.154683496507,0.157074610551,2.1894984724
cautious_selfish_neutral,reckless_selfish_tactical,0.122738802994,0.156911024896,0.157118306643,2.1385042447
cautious_selfish_neutral,reckless_neutral_physical,0.147145701648,0.188718678796,0.141221618416,1.9225842643
cautious_selfish_neutral,reckless_neutral_neutral,0.144989996083,0.184769445723,0.14473071912,1.93473643
cautious_selfish_neutral,reckless_neutral_tactical,0.146449987063,0.185156277192,0.142566058362,1.807276116
cautious_selfish_neutral,reckless_noble_physical,0.166933932414,0.211513897182,0.134131460201,2.2262357829
cautious_selfish_neutral,reckless_noble_neutral,0.163096036753,0.205878642442,0.136654886357,2.1470184729
cautious_selfish_neutral,reckless_noble_tactical,0.164023014013,0.205572079345,0.133330477729,1.9778577234
cautious_selfish_tactical,cautious_neutral_physical,0.0450266442048,0.0572989946855,0.111921827346,3.1243153879
cautious_selfish_tactical,cautious_neutral_neutral,0.0161988236272,0.0205170767046,0.07700550397,2.2788433921
cautious_selfish_tactical,cautious_neutral_tactical,0.00458507203311,0.00604488559445,0.016608692856,0.6163043438
cautious_selfish_tactical,cautious_noble_physical,0.0574393628435,0.0750603292001,0.102432428387,3.5210081922
cautious_selfish_tactical,cautious_noble_neutral,0.031062874788,0.0406138054556,0.079299312491,2.8181852962
cautious_selfish_tactical,cautious_noble_tactical,0.0204333608477,0.0267481446701,0.031211129673,1.1801503712
cautious_selfish_tactical,neutral_selfish_physical,0.0533440753839,0.0732264509096,0.006448474723,1.9319136571
cautious_selfish_tactical,neutral_selfish_neutral,0.0338285307929,0.0457601444095,0.037773622067,1.2413451083
cautious_selfish_tactical,neutral_selfish_tactical,0.0317720052078,0.0407953949309,0.0656569944063,0.0540428817
cautious_selfish_tactical,neutral_neutral_physical,0.0715503432889,0.0955647112056,0.008918388403,2.5457216813
cautious_selfish_tactical,neutral_neutral_neutral,0.0523229054538,0.0680069029354,0.025819291076,2.1747475672
cautious_selfish_tactical,neutral_neutral_tactical,0.04826774796,0.0609306374864,0.041794141126,1.1629333666
cautious_selfish_tactical,neutral_noble_physical,0.09528102019,0.125921365148,0.006954198102,2.4861361508
cautious_selfish_tactical,neutral_noble_neutral,0.0763897901567,0.0986559378433,0.015914734353,2.3377158366
cautious_selfish_tactical,neutral_noble_tactical,0.0711322231341,0.0898027658765,0.024252130343,1.5003953122
cautious_selfish_tactical,reckless_selfish_physical,0.118225613819,0.158336639065,0.0850320334518,0.4704748796
cautious_selfish_tactical,reckless_selfish_neutral,0.108661586765,0.144489945574,0.0911898617472,0.6195230326
cautious_selfish_tactical,reckless_selfish_tactical,0.10075597542,0.132994151558,0.0912335578391,0.5685288049
cautious_selfish_tactical,reckless_neutral_physical,0.1451283017,0.189809840393,0.0753368696118,0.3526088245
cautious_selfish_tactical,reckless_neutral_neutral,0.133011056252,0.173740036174,0.0788459703157,0.3647609902
cautious_selfish_tactical,reckless_neutral_tactical,0.123365399311,0.160519871652,0.0766813095583,0.2373006762
cautious_selfish_tactical,reckless_noble_physical,0.163926376039,0.211932047471,0.0682467113971,0.6562603431
cautious_selfish_tactical,reckless_noble_neutral,0.15032042255,0.194404774388,0.070770137553,0.5770430331
cautious_selfish_tactical,reckless_noble_tactical,0.140227810011,0.18059980343,0.0674457289247,0.4078822836
cautious_neutral_physical,cautious_neutral_neutral,0.0108982045148,0.0142317257599,0.034916323376,0.8454719958
cautious_neutral_physical,cautious_neutral_tactical,0.0434182724981,0.0546639886008,0.09531313449,2.5080110441
cautious_neutral_physical,cautious_noble_physical,0.00740199192528,0.00987961241304,0.009489398959,0.3966928043
cautious_neutral_physical,cautious_noble_neutral,0.0181530827008,0.0233400921693,0.032622514855,0.3061300917
cautious_neutral_physical,cautious_noble_tactical,0.0515683061363,0.0643556291713,0.080710697673,1.9441650167
cautious_neutral_physical,neutral_selfish_physical,0.0250596684127,0.0358787782353,0.118370302069,1.1924017308
cautious_neutral_physical,neutral_selfish_neutral,0.0411209469663,0.0542169469276,0.149695449413,1.8829702796
cautious_neutral_physical,neutral_selfish_tactical,0.074353463752,0.0940811403777,0.177578821752,3.0702725062
cautious_neutral_physical,neutral_neutral_physical,0.0386561775966,0.0500931139808,0.120840215749,0.5785937066
cautious_neutral_physical,neutral_neutral_neutral,0.05250398192,0.065756798172,0.137741118422,0.9495678207
cautious_neutral_physical,neutral_neutral_tactical,0.0844300652499,0.104652102548,0.153715968472,1.9613820213
cautious_neutral_physical,neutral_noble_physical,0.0604522339604,0.0764672619349,0.118876025448,0.6381792371
cautious_neutral_physical,neutral_noble_neutral,0.0726364755178,0.0899511360756,0.127836561699,0.7865995513
cautious_neutral_physical,neutral_noble_tactical,0.102993900469,0.126518138588,0.136173957689,1.6239200757
cautious_neutral_physical,reckless_selfish_physical,0.108832210961,0.142634414165,0.196953860798,3.5947902675
cautious_neutral_physical,reckless_selfish_neutral,0.119991469702,0.154334256734,0.203111689093,3.7438384205
cautious_neutral_physical,reckless_selfish_tactical,0.133599631298,0.169613783431,0.203155385185,3.6928441928
cautious_neutral_physical,reckless_neutral_physical,0.134142507192,0.170280013174,0.187258696958,3.4769242124
cautious_neutral_physical,reckless_neutral_neutral,0.142125756625,0.179031078795,0.190767797662,3.4890763781
cautious_neutral_physical,reckless_neutral_tactical,0.154339089763,0.193076263434,0.188603136904,3.3616160641
cautious_neutral_physical,reckless_noble_physical,0.15316672049,0.191706537982,0.180168538743,3.780575731
cautious_neutral_physical,reckless_noble_neutral,0.159380966457,0.198693405267,0.182691964899,3.701358421
cautious_neutral_physical,reckless_noble_tactical,0.171065814107,0.212121142137,0.179367556271,3.5321976715
cautious_neutral_neutral,cautious_neutral_tactical,0.0130381897237,0.016132783047,0.060396811114,1.6625390483
cautious_neutral_neutral,cautious_noble_physical,0.0173302634536,0.0235333962182,0.025426924417,1.2421648001
cautious_neutral_neutral,cautious_noble_neutral,0.00724681624169,0.0096291485888,0.002293808521,0.5393419041
cautious_neutral_neutral,cautious_noble_tactical,0.0205913533702,0.0255866317219,0.045794374297,1.0986930209
cautious_neutral_neutral,neutral_selfish_physical,0.0310455927111,0.0454933408946,0.083453978693,0.346929735
cautious_neutral_neutral,neutral_selfish_neutral,0.0286377445269,0.0396763794061,0.114779126037,1.0374982838
cautious_neutral_neutral,neutral_selfish_tactical,0.0454990762625,0.0584888987556,0.142662498376,2.2248005104
cautious_neutral_neutral,neutral_neutral_physical,0.0429894590677,0.058445394507,0.085923892373,0.2668782892
cautious_neutral_neutral,neutral_neutral_neutral,0.0389645016506,0.0504622294911,0.102824795046,0.1040958249
cautious_neutral_neutral,neutral_neutral_tactical,0.0537671667079,0.0673318684924,0.118799645096,1.1159100255
cautious_neutral_neutral,neutral_noble_physical,0.0633454271821,0.0836142441833,0.083959702072,0.2072927587
cautious_neutral_neutral,neutral_noble_neutral,0.0585804617606,0.0746086849869,0.092920238323,0.0588724445
cautious_neutral_neutral,neutral_noble_tactical,0.0718082326304,0.0892349344533,0.101257634313,0.7784480799
cautious_neutral_neutral,reckless_selfish_physical,0.10536710637,0.141880409266,0.162037537422,2.7493182717
cautious_neutral_neutral,reckless_selfish_neutral,0.105517706243,0.139855671811,0.168195365717,2.8983664247
cautious_neutral_neutral,reckless_selfish_tactical,0.107882399631,0.140851092912,0.168239061809,2.847372197
cautious_neutral_neutral,reckless_neutral_physical,0.129008817098,0.16817928958,0.152342373582,2.6314522166
cautious_neutral_neutral,reckless_neutral_neutral,0.126194694608,0.163469633825,0.155851474286,2.6436043823
cautious_neutral_neutral,reckless_neutral_tactical,0.127051175104,0.163074067214,0.153686813528,2.5161440683
cautious_neutral_neutral,reckless_noble_physical,0.147012320776,0.188799228707,0.145252215367,2.9351037352
cautious_neutral_neutral,reckless_noble_neutral,0.142618792968,0.182545834536,0.147775641523,2.8558864252
cautious_neutral_neutral,reckless_noble_tactical,0.143072358117,0.181697067577,0.144451232895,2.6867256757
cautious_neutral_tactical,cautious_noble_physical,0.0464777037589,0.0603823404917,0.085823735531,2.9047038484
cautious_neutral_tactical,cautious_noble_neutral,0.0182498697011,0.0236623452008,0.062690619635,2.2018809524
cautious_neutral_tactical,cautious_noble_tactical,0.00652771391476,0.008608919215,0.014602436817,0.5638460274
cautious_neutral_tactical,neutral_selfish_physical,0.0521542218069,0.0728328554737,0.023057167579,1.3156093133
cautious_neutral_tactical,neutral_selfish_neutral,0.0315551412098,0.0443463510699,0.054382314923,0.6250407645
cautious_neutral_tactical,neutral_selfish_tactical,0.0278285178668,0.0373258000814,0.0822656872623,0.5622614621
cautious_neutral_tactical,neutral_neutral_physical,0.060862534907,0.0828255870499,0.025527081259,1.9294173375
cautious_neutral_tactical,neutral_neutral_neutral,0.0401256915985,0.0535413809391,0.042427983932,1.5584432234
cautious_neutral_tactical,neutral_neutral_tactical,0.0345551796912,0.0446284484076,0.058402833982,0.5466290228
cautious_neutral_tactical,neutral_noble_physical,0.0785473206912,0.10533397872,0.023562890958,1.869831807
cautious_neutral_tactical,neutral_noble_neutral,0.0581347904862,0.076213936828,0.032523427209,1.7214114928
cautious_neutral_tactical,neutral_noble_tactical,0.0516571805413,0.0659908772666,0.040860823199,0.8840909684
cautious_neutral_tactical,reckless_selfish_physical,0.108964177069,0.148850996726,0.101640726308,1.0867792234
cautious_neutral_tactical,reckless_selfish_neutral,0.098280545168,0.133723636146,0.107798554603,1.2358273764
cautious_neutral_tactical,reckless_selfish_tactical,0.0888846855812,0.120305062583,0.107842250695,1.1848331487
cautious_neutral_tactical,reckless_neutral_physical,0.130547687449,0.173293531103,0.0919455624678,0.9689131683
cautious_neutral_tactical,reckless_neutral_neutral,0.117346237104,0.155986635613,0.0954546631717,0.981065334
cautious_neutral_tactical,reckless_neutral_tactical,0.106294466166,0.140997188079,0.0932900024143,0.85360502
cautious_neutral_tactical,reckless_noble_physical,0.147266567064,0.19280279789,0.0848554042531,1.2725646869
cautious_neutral_tactical,reckless_noble_neutral,0.13267798051,0.174181285778,0.087378830409,1.1933473769
cautious_neutral_tactical,reckless_noble_tactical,0.121261384299,0.158799548671,0.0840544217807,1.0241866274
cautious_noble_physical,cautious_noble_neutral,0.0104340408025,0.0138276337261,0.023133115896,0.702822896
cautious_noble_physical,cautious_noble_tactical,0.0426147365188,0.0541877845219,0.071221298714,2.340857821
cautious_noble_physical,neutral_selfish_physical,0.0272928342098,0.0421808988477,0.10888090311,1.5890945351
cautious_noble_physical,neutral_selfish_neutral,0.0409575145216,0.0583296699317,0.140206050454,2.2796630839
cautious_noble_physical,neutral_selfish_tactical,0.0706288913065,0.0943738938023,0.168089422793,3.4669653105
cautious_noble_physical,neutral_neutral_physical,0.0258870972634,0.0364729296268,0.11135081679,0.9752865109
cautious_noble_physical,neutral_neutral_neutral,0.038425091695,0.051172091952,0.128251719463,1.346260625
cautious_noble_physical,neutral_neutral_tactical,0.0688069317034,0.0887670334591,0.144226569513,2.3580748256
cautious_noble_physical,neutral_noble_physical,0.0374863088737,0.0488713818104,0.109386626489,1.0348720414
cautious_noble_physical,neutral_noble_neutral,0.04892720246,0.0620129626369,0.11834716274,1.1832923556
cautious_noble_physical,neutral_noble_tactical,0.0791359650382,0.0991541525739,0.12668455873,2.02061288
cautious_noble_physical,reckless_selfish_physical,0.0916134630786,0.126524431142,0.187464461839,3.9914830718
cautious_noble_physical,reckless_selfish_neutral,0.101632890682,0.137010727786,0.193622290134,4.1405312248
cautious_noble_physical,reckless_selfish_tactical,0.114754303717,0.151692287706,0.193665986226,4.0895369971
cautious_noble_physical,reckless_neutral_physical,0.108317766859,0.142186732086,0.177769297999,3.8736170167
cautious_noble_physical,reckless_neutral_neutral,0.11573594714,0.150353388082,0.181278398703,3.8857691824
cautious_noble_physical,reckless_neutral_tactical,0.127975230641,0.16450068544,0.179113737945,3.7583088684
cautious_noble_physical,reckless_noble_physical,0.123733278844,0.158707134194,0.170679139784,4.1772685353
cautious_noble_physical,reckless_noble_neutral,0.129657968797,0.16546940495,0.17320256594,4.0980512253
cautious_noble_physical,reckless_noble_tactical,0.141531237944,0.179306737382,0.169878157312,3.9288904758
cautious_noble_neutral,cautious_noble_tactical,0.0128358128446,0.015956478914,0.048088182818,1.638034925
cautious_noble_neutral,neutral_selfish_physical,0.0351030091936,0.0534434557886,0.085747787214,0.8862716391
cautious_noble_neutral,neutral_selfish_neutral,0.0313159608657,0.046619398415,0.117072934558,1.5768401879
cautious_noble_neutral,neutral_selfish_tactical,0.0453901835038,0.0623939059379,0.144956306897,2.7641424145
cautious_noble_neutral,neutral_neutral_physical,0.0325119792506,0.047197867725,0.088217700894,0.2724636149
cautious_noble_neutral,neutral_neutral_neutral,0.0274391740176,0.0384299305168,0.105118603567,0.643437729
cautious_noble_neutral,neutral_neutral_tactical,0.0409187422084,0.0540494013247,0.121093453617,1.6552519296
cautious_noble_neutral,neutral_noble_physical,0.0425541385597,0.0583182566181,0.086253510593,0.3320491454
cautious_noble_neutral,neutral_noble_neutral,0.0369151984897,0.0486118747798,0.095214046844,0.4804694596
cautious_noble_neutral,neutral_noble_tactical,0.0498772483316,0.0634031014794,0.103551442834,1.317789984
cautious_noble_neutral,reckless_selfish_physical,0.0921765340575,0.130131828089,0.164331345943,3.2886601758
cautious_noble_neutral,reckless_selfish_neutral,0.0913073139378,0.126968588049,0.170489174238,3.4377083288
cautious_noble_neutral,reckless_selfish_tactical,0.0929850057645,0.126982150585,0.17053287033,3.3867141011
cautious_noble_neutral,reckless_neutral_physical,0.106989386144,0.144212202571,0.154636182103,3.1707941207
cautious_noble_neutral,reckless_neutral_neutral,0.103594272455,0.138842358496,0.158145282807,3.1829462864
cautious_noble_neutral,reckless_neutral_tactical,0.104124451824,0.137957132234,0.155980622049,3.0554859724
cautious_noble_neutral,reckless_noble_physical,0.121124817843,0.15953973271,0.147546023888,3.4744456393
cautious_noble_neutral,reckless_noble_neutral,0.11639714531,0.15296183588,0.150069450044,3.3952283293
cautious_noble_neutral,reckless_noble_tactical,0.116637990557,0.151885227073,0.146745041416,3.2260675798
cautious_noble_tactical,neutral_selfish_physical,0.0585439927683,0.0827920536119,0.037659604396,0.7517632859
cautious_noble_tactical,neutral_selfish_neutral,0.036839431953,0.0536151657425,0.06898475174,0.0611947371
cautious_noble_tactical,neutral_selfish_tactical,0.0312535281064,0.0446773478889,0.0968681240793,1.1261074895
cautious_noble_tactical,neutral_neutral_physical,0.0542245811861,0.0756600418859,0.040129518076,1.3655713101
cautious_noble_tactical,neutral_neutral_neutral,0.0319269168834,0.0449489546528,0.057030420749,0.994597196
cautious_noble_tactical,neutral_neutral_tactical,0.024799893566,0.0344646276758,0.073005270799,0.0172170046
cautious_noble_tactical,neutral_noble_physical,0.0620129537251,0.0848089617762,0.038165327775,1.3059857796
cautious_noble_tactical,neutral_noble_neutral,0.0400142942802,0.0540580320646,0.047125864026,1.1575654654
cautious_noble_tactical,neutral_noble_tactical,0.032322243929,0.0427157200546,0.055463260016,0.320244941
cautious_noble_tactical,reckless_selfish_physical,0.100521821686,0.141828182517,0.116243163125,1.6506252508
cautious_noble_tactical,reckless_selfish_neutral,0.088701293327,0.125468043649,0.12240099142,1.7996734038
cautious_noble_tactical,reckless_selfish_tactical,0.0783266210847,0.110779552456,0.122444687512,1.7486791761
cautious_noble_tactical,reckless_neutral_physical,0.113284751642,0.154183459934,0.106547999285,1.5327591957
cautious_noble_tactical,reckless_neutral_neutral,0.0992082842837,0.135930387801,0.110057099989,1.5449113614
cautious_noble_tactical,reckless_neutral_tactical,0.0872884979559,0.1198580241,0.107892439231,1.4174510474
cautious_noble_tactical,reckless_noble_physical,0.125956701175,0.168163686305,0.0994578410701,1.8364107143
cautious_noble_tactical,reckless_noble_neutral,0.110697430061,0.148881189535,0.101981267226,1.7571934043
cautious_noble_tactical,reckless_noble_tactical,0.0984367357199,0.132573623503,0.0986568585977,1.5880326548
neutral_selfish_physical,neutral_selfish_neutral,0.0102786714556,0.0140834293966,0.031325147344,0.6905685488
neutral_selfish_physical,neutral_selfish_tactical,0.0388772075455,0.0520929020097,0.0592085196833,1.8778707754
neutral_selfish_physical,neutral_neutral_physical,0.00902879828095,0.0120527973714,0.00246991368,0.6138080242
neutral_selfish_physical,neutral_neutral_neutral,0.0203202280607,0.0265375376004,0.019370816353,0.2428339101
neutral_selfish_physical,neutral_neutral_tactical,0.0502683437013,0.0659013218918,0.035345666403,0.7689802905
neutral_selfish_physical,neutral_noble_physical,0.0284722047592,0.0389865274493,0.000505723379,0.5542224937
neutral_selfish_physical,neutral_noble_neutral,0.0397795730658,0.0527860578779,0.00946625963,0.4058021795
neutral_selfish_physical,neutral_noble_tactical,0.0693725003106,0.0906876962442,0.01780365562,0.4315183449
neutral_selfish_physical,reckless_selfish_physical,0.0409899109484,0.0523085476594,0.0785835587288,2.4023885367
neutral_selfish_physical,reckless_selfish_neutral,0.0517608972156,0.0656566669978,0.0847413870242,2.5514366897
neutral_selfish_physical,reckless_selfish_tactical,0.069531370322,0.0887986722717,0.0847850831161,2.500442462
neutral_selfish_physical,reckless_neutral_physical,0.0666449656789,0.0833889082622,0.0688883948888,2.2845224816
neutral_selfish_physical,reckless_neutral_neutral,0.0754260308893,0.0944998883611,0.0723974955927,2.2966746473
neutral_selfish_physical,reckless_neutral_tactical,0.0921430117378,0.116424921776,0.0702328348353,2.1692143333
neutral_selfish_physical,reckless_noble_physical,0.0863580503808,0.10812032862,0.0617982366741,2.5881740002
neutral_selfish_physical,reckless_noble_neutral,0.0936711066489,0.117294598042,0.06432166283,2.5089566902
neutral_selfish_physical,reckless_noble_tactical,0.109786194289,0.138161259925,0.0609972542017,2.3397959407
neutral_selfish_neutral,neutral_selfish_tactical,0.0106134128548,0.014251611329,0.0278833723393,1.1873022266
neutral_selfish_neutral,neutral_neutral_physical,0.0165457469235,0.0238843656225,0.028855233664,1.304376573
neutral_selfish_neutral,neutral_neutral_neutral,0.00853140600587,0.011525694069,0.011954330991,0.9334024589
neutral_selfish_neutral,neutral_neutral_tactical,0.0206748398234,0.0271918677279,0.004020519059,0.0784117417
neutral_selfish_neutral,neutral_noble_physical,0.033596426164,0.0487123287022,0.030819423965,1.2447910425
neutral_selfish_neutral,neutral_noble_neutral,0.0268508757647,0.0373252540949,0.021858887714,1.0963707283
neutral_selfish_neutral,neutral_noble_tactical,0.0391974367598,0.0523070502351,0.013521491724,0.2590502039
neutral_selfish_neutral,reckless_selfish_physical,0.0379837352755,0.052030579795,0.0472584113848,1.7118199879
neutral_selfish_neutral,reckless_selfish_neutral,0.0349587586117,0.0465078432911,0.0534162396802,1.8608681409
neutral_selfish_neutral,reckless_selfish_tactical,0.0396696563003,0.0520945806466,0.0534599357721,1.8098739132
neutral_selfish_neutral,reckless_neutral_physical,0.0613458594682,0.0814078780145,0.0375632475448,1.5939539328
neutral_selfish_neutral,reckless_neutral_neutral,0.0568691498189,0.0742361393898,0.0410723482487,1.6061060985
neutral_selfish_neutral,reckless_neutral_tactical,0.0606687883692,0.0787479560648,0.0389076874913,1.4786457845
neutral_selfish_neutral,reckless_noble_physical,0.0798185384349,0.105317230555,0.0304730893301,1.8976054514
neutral_selfish_neutral,reckless_noble_neutral,0.0742290937112,0.096672765044,0.032996515486,1.8183881414
neutral_selfish_neutral,reckless_noble_tactical,0.0775852154514,0.100332685777,0.0296721068577,1.6492273919
neutral_selfish_tactical,neutral_neutral_physical,0.0412946642265,0.058174999681,0.0567386060033,2.4916787996
neutral_selfish_tactical,neutral_neutral_neutral,0.0165579626867,0.0231828613527,0.0398377033303,2.1207046855
neutral_selfish_tactical,neutral_neutral_tactical,0.00825643268079,0.0110607581822,0.0238628532803,1.1088904849
neutral_selfish_tactical,neutral_noble_physical,0.0550319888278,0.0795294789189,0.0587027963043,2.4320932691
neutral_selfish_tactical,neutral_noble_neutral,0.032538151194,0.0466134501324,0.0497422600533,2.2836729549
neutral_selfish_tactical,neutral_noble_tactical,0.025372074454,0.0351030701143,0.0414048640633,1.4463524305
neutral_selfish_tactical,reckless_selfish_physical,0.0511347055831,0.0732395813827,0.0193750390455,0.5245177613
neutral_selfish_tactical,reckless_selfish_neutral,0.0356989819095,0.0509884418477,0.0255328673409,0.6735659143
neutral_selfish_tactical,reckless_selfish_tactical,0.0260283965313,0.0369407929412,0.0255765634328,0.6225716866
neutral_selfish_tactical,reckless_neutral_physical,0.071712214903,0.100044838812,0.0096798752055,0.4066517062
neutral_selfish_tactical,reckless_neutral_neutral,0.0554451712838,0.0767939258481,0.0131889759094,0.4188038719
neutral_selfish_tactical,reckless_neutral_tactical,0.0450110317616,0.0618187611534,0.011024315152,0.2913435579
neutral_selfish_tactical,reckless_noble_physical,0.0885124289942,0.122395492897,0.0025897169908,0.7103032248
neutral_selfish_tactical,reckless_noble_neutral,0.0714796302641,0.0981250741861,0.0051131431467,0.6310859148
neutral_selfish_tactical,reckless_noble_tactical,0.0607503321948,0.0825279059919,0.0017887345184,0.4619251653
neutral_neutral_physical,neutral_neutral_neutral,0.00964915702823,0.0135892247508,0.016900902673,0.3709741141
neutral_neutral_physical,neutral_neutral_tactical,0.0380458218218,0.0522028327151,0.032875752723,1.3827883147
neutral_neutral_physical,neutral_noble_physical,0.00614214951688,0.0090025123415,0.001964190301,0.0595855305
neutral_neutral_physical,neutral_noble_neutral,0.0166642258463,0.0229051166158,0.00699634595,0.2080058447
neutral_neutral_physical,neutral_noble_tactical,0.0463230226069,0.0622533244158,0.01533374194,1.0453263691
neutral_neutral_physical,reckless_selfish_physical,0.0251767486007,0.0356387218823,0.0761136450488,3.0161965609
neutral_neutral_physical,reckless_selfish_neutral,0.0347316593689,0.0479885195242,0.0822714733442,3.1652447139
neutral_neutral_physical,reckless_selfish_tactical,0.0524451445245,0.0713268488578,0.0823151694361,3.1142504862
neutral_neutral_physical,reckless_neutral_physical,0.0382737345169,0.0496818820807,0.0664184812088,2.8983305058
neutral_neutral_physical,reckless_neutral_neutral,0.0467552330828,0.0608921522781,0.0699275819127,2.9104826715
neutral_neutral_physical,reckless_neutral_tactical,0.0642543679275,0.0842267804809,0.0677629211553,2.7830223575
neutral_neutral_physical,reckless_noble_physical,0.052408933501,0.0670768674891,0.0593283229941,3.2019820244
neutral_neutral_physical,reckless_noble_neutral,0.0598497382943,0.0769234090574,0.06185174915,3.1227647144
neutral_neutral_physical,reckless_noble_tactical,0.0769866424961,0.0996898478508,0.0585273405217,2.9536039649
neutral_neutral_neutral,neutral_neutral_tactical,0.0107775807006,0.0147248398194,0.01597485005,1.0118142006
neutral_neutral_neutral,neutral_noble_physical,0.0139060796608,0.0210434847647,0.018865092974,0.3113885836
neutral_neutral_neutral,neutral_noble_neutral,0.00577076169518,0.0085954109597,0.009904556723,0.1629682694
neutral_neutral_neutral,neutral_noble_tactical,0.0177534892869,0.0240528592033,0.001567160733,0.674352255
neutral_neutral_neutral,reckless_selfish_physical,0.0279967150467,0.0408940072289,0.0592127423758,2.6452224468
neutral_neutral_neutral,reckless_selfish_neutral,0.0236603694397,0.0341456635425,0.0653705706712,2.7942705998
neutral_neutral_neutral,reckless_selfish_tactical,0.0276008578498,0.0388179491565,0.0654142667631,2.7432763721
neutral_neutral_neutral,reckless_neutral_physical,0.0388280490568,0.0531540239318,0.0495175785358,2.5273563917
neutral_neutral_neutral,reckless_neutral_neutral,0.0335377302187,0.0453212332741,0.0530266792397,2.5395085574
neutral_neutral_neutral,reckless_neutral_tactical,0.0371431498818,0.049770004038,0.0508620184823,2.4120482434
neutral_neutral_neutral,reckless_noble_physical,0.0516715600654,0.0695278007619,0.0424274203211,2.8310079103
neutral_neutral_neutral,reckless_noble_neutral,0.0455535836809,0.0605911056574,0.044950846477,2.7517906003
neutral_neutral_neutral,reckless_noble_tactical,0.0488863130349,0.0645852699293,0.0416264378487,2.5826298508
neutral_neutral_tactical,neutral_noble_physical,0.0401955690591,0.0577029076856,0.034839943024,1.3232027842
neutral_neutral_tactical,neutral_noble_neutral,0.0149461797111,0.0218910968867,0.025879406773,1.17478247
neutral_neutral_tactical,neutral_noble_tactical,0.00537778676808,0.00799660189232,0.017542010783,0.3374619456
neutral_neutral_tactical,reckless_selfish_physical,0.0478171847461,0.0689762125652,0.0432378923258,1.6334082462
neutral_neutral_tactical,reckless_selfish_neutral,0.0305985528992,0.0449255836009,0.0493957206212,1.7824563992
neutral_neutral_tactical,reckless_selfish_tactical,0.0188641178742,0.0284190373446,0.0494394167131,1.7314621715
neutral_neutral_tactical,reckless_neutral_physical,0.0566758726422,0.0796204135555,0.0335427284858,1.5155421911
neutral_neutral_tactical,reckless_neutral_neutral,0.0385892734678,0.0545083050149,0.0370518291897,1.5276943568
neutral_neutral_tactical,reckless_neutral_tactical,0.0260774015807,0.0371529363964,0.0348871684323,1.4002340428
neutral_neutral_tactical,reckless_noble_physical,0.0681840914289,0.0947622222569,0.0264525702711,1.8191937097
neutral_neutral_tactical,reckless_noble_neutral,0.0494126977084,0.0687476411931,0.028975996427,1.7399763997
neutral_neutral_tactical,reckless_noble_tactical,0.0365906292658,0.0508954381375,0.0256515877987,1.5708156502
neutral_noble_physical,neutral_noble_neutral,0.00929430995064,0.0131769167008,0.008960536251,0.1484203142
neutral_noble_physical,neutral_noble_tactical,0.037982711655,0.0522091951654,0.017297932241,0.9857408386
neutral_noble_physical,reckless_selfish_physical,0.0245729812944,0.0396941669065,0.0780778353498,2.9566110304
neutral_noble_physical,reckless_selfish_neutral,0.0329600290434,0.0508818168022,0.0842356636452,3.1056591834
neutral_noble_physical,reckless_selfish_tactical,0.0505480133237,0.0739249941407,0.0842793597371,3.0546649557
neutral_noble_physical,reckless_neutral_physical,0.0251618871164,0.0355849326339,0.0683826715098,2.8387449753
neutral_noble_physical,reckless_neutral_neutral,0.0333026220528,0.0466032460564,0.0718917722137,2.850897141
neutral_noble_physical,reckless_neutral_tactical,0.0513637119553,0.0706631828129,0.0697271114563,2.723436827
neutral_noble_physical,reckless_noble_physical,0.0326534573829,0.0429301789892,0.0612925132951,3.1423964939
neutral_noble_physical,reckless_noble_neutral,0.0401501718356,0.0531647371483,0.063815939451,3.0631791839
neutral_noble_physical,reckless_noble_tactical,0.0580255141346,0.0771390480203,0.0604915308227,2.8940184344
neutral_noble_neutral,neutral_noble_tactical,0.0111341463508,0.0151427545799,0.00833739599,0.8373205244
neutral_noble_neutral,reckless_selfish_physical,0.030676245883,0.0479040983609,0.0691172990988,2.8081907162
neutral_noble_neutral,reckless_selfish_neutral,0.0254323350875,0.0404267185261,0.0752751273942,2.9572388692
neutral_noble_neutral,reckless_selfish_tactical,0.0291171241438,0.0446411344108,0.0753188234861,2.9062446415
neutral_noble_neutral,reckless_neutral_physical,0.029533533716,0.0426745965354,0.0594221352588,2.6903246611
neutral_noble_neutral,reckless_neutral_neutral,0.0238459299068,0.0346662049725,0.0629312359627,2.7024768268
neutral_noble_neutral,reckless_neutral_tactical,0.0276286488167,0.0393059311705,0.0607665752053,2.5750165128
neutral_noble_neutral,reckless_noble_physical,0.0358823159418,0.0491340844158,0.0523319770441,2.9939761797
neutral_noble_neutral,reckless_noble_neutral,0.0296226650966,0.0403863948429,0.0548554032,2.9147588697
neutral_noble_neutral,reckless_noble_tactical,0.0331988579055,0.044888217217,0.0515309945717,2.7455981202
neutral_noble_tactical,reckless_selfish_physical,0.0535565782604,0.0784161813117,0.0607799031088,1.9708701918
neutral_noble_tactical,reckless_selfish_neutral,0.0354902020293,0.0538533741788,0.0669377314042,2.1199183448
neutral_noble_tactical,reckless_selfish_tactical,0.0231818414342,0.0366950186845,0.0669814274961,2.0689241171
neutral_noble_tactical,reckless_neutral_physical,0.0514088563473,0.0729435207895,0.0510847392688,1.8530041367
neutral_noble_tactical,reckless_neutral_neutral,0.0326364179678,0.0474246525438,0.0545938399727,1.8651563024
neutral_noble_tactical,reckless_neutral_tactical,0.019585091957,0.0295134368048,0.0524291792153,1.7376959884
neutral_noble_tactical,reckless_noble_physical,0.0568201424371,0.0787466941274,0.0439945810541,2.1566556553
neutral_noble_tactical,reckless_noble_neutral,0.0374485431062,0.0524398979559,0.04651800721,2.0774383453
neutral_noble_tactical,reckless_noble_tactical,0.023963189912,0.034049761977,0.0431935985817,1.9082775958
reckless_selfish_physical,reckless_selfish_neutral,0.00647427038798,0.00922216336003,0.0061578282954,0.149048153
reckless_selfish_physical,reckless_selfish_tactical,0.0265573359253,0.036797939231,0.0062015243873,0.0980539253
reckless_selfish_physical,reckless_neutral_physical,0.00743959722086,0.0106741866426,0.00969516384,0.1178660551
reckless_selfish_physical,reckless_neutral_neutral,0.0147309857432,0.0202731223243,0.0061860631361,0.1057138894
reckless_selfish_physical,reckless_neutral_tactical,0.0353389833347,0.0483037729006,0.0083507238935,0.2331742034
reckless_selfish_physical,reckless_noble_physical,0.0186084361209,0.0272677474034,0.0167853220547,0.1857854635
reckless_selfish_physical,reckless_noble_neutral,0.0254411396131,0.035755461086,0.0142618958988,0.1065681535
reckless_selfish_physical,reckless_noble_tactical,0.045541913235,0.0627118081649,0.0175863045271,0.062592596
reckless_selfish_neutral,reckless_selfish_tactical,0.00800582943549,0.0110356329944,4.36960919e-05,0.0509942277
reckless_selfish_neutral,reckless_neutral_physical,0.0123735489675,0.0186520532283,0.0158529921354,0.2669142081
reckless_selfish_neutral,reckless_neutral_neutral,0.00672837585147,0.00984366921843,0.0123438914315,0.2547620424
reckless_selfish_neutral,reckless_neutral_tactical,0.0152518363314,0.0213270889071,0.0145085521889,0.3822223564
reckless_selfish_neutral,reckless_noble_physical,0.0226762644087,0.0345346750405,0.0229431503501,0.0367373105
reckless_selfish_neutral,reckless_noble_neutral,0.0167802760466,0.0250225751435,0.0204197241942,0.0424799995
reckless_selfish_neutral,reckless_noble_tactical,0.0249324339991,0.0356435622023,0.0237441328225,0.211640749
reckless_selfish_tactical,reckless_neutral_physical,0.0323050534299,0.0460220801968,0.0158966882273,0.2159199804
reckless_selfish_tactical,reckless_neutral_neutral,0.0141946244839,0.0202506837804,0.0123875875234,0.2037678147
reckless_selfish_tactical,reckless_neutral_tactical,0.00627359361207,0.00919365918114,0.0145522482808,0.3312281287
reckless_selfish_tactical,reckless_noble_physical,0.0424844907046,0.0615268322824,0.022986846442,0.0877315382
reckless_selfish_tactical,reckless_noble_neutral,0.0241578360887,0.0352291938754,0.0204634202861,0.0085142282
reckless_selfish_tactical,reckless_noble_tactical,0.0159558839266,0.0235665007459,0.0237878289144,0.1606465213
reckless_neutral_physical,reckless_neutral_neutral,0.00670603312873,0.00953904311316,0.0035091007039,0.0121521657
reckless_neutral_physical,reckless_neutral_tactical,0.0282130958776,0.0389059435135,0.0013444399465,0.1153081483
reckless_neutral_physical,reckless_noble_physical,0.00285490237931,0.00451592736699,0.0070901582147,0.3036515186
reckless_neutral_physical,reckless_noble_neutral,0.0096099762355,0.0136534057314,0.0045667320588,0.2244342086
reckless_neutral_physical,reckless_noble_tactical,0.0309678925992,0.0427331570774,0.0078911406871,0.0552734591
reckless_neutral_neutral,reckless_neutral_tactical,0.00869302856112,0.0118967035523,0.0021646607574,0.127460314
reckless_neutral_neutral,reckless_noble_physical,0.0092999612193,0.01409114163,0.0105992589186,0.2914993529
reckless_neutral_neutral,reckless_noble_neutral,0.00260090761557,0.0041660819005,0.0080758327627,0.2122820429
reckless_neutral_neutral,reckless_noble_tactical,0.0111034875439,0.0156807629889,0.011400241391,0.0431212934
reckless_neutral_tactical,reckless_noble_physical,0.0312814496207,0.0439463370687,0.0084345981612,0.4189596669
reckless_neutral_tactical,reckless_noble_neutral,0.0116224756485,0.0164530367006,0.0059111720053,0.3397423569
reckless_neutral_tactical,reckless_noble_tactical,0.00258124151745,0.00400490932815,0.0092355806336,0.1705816074
reckless_noble_physical,reckless_noble_neutral,0.0068396711363,0.00968832783169,0.0025234261559,0.07921731
reckless_noble_physical,reckless_noble_tactical,0.028934072167,0.0398529786563,0.0008009824724,0.2483780595
reckless_noble_neutral,reckless_noble_tactical,0.00895505517195,0.01226083314,0.0033244086283,0.1691607495
